date_key,year,month,day,weekday,is_weekend
2011-04-07,2011,4,7,3,0
2011-09-10,2011,9,10,5,1
2013-04-08,2013,4,8,0,0
2012-09-25,2012,9,25,1,0
2013-05-22,2013,5,22,2,0
2012-12-24,2012,12,24,0,0
2012-04-04,2012,4,4,2,0
2013-10-05,2013,10,5,5,1
2013-11-09,2013,11,9,5,1
2013-12-11,2013,12,11,2,0
2013-09-06,2013,9,6,4,0
2013-11-11,2013,11,11,0,0
2013-06-03,2013,6,3,0,0
2011-12-31,2011,12,31,5,1
2013-06-14,2013,6,14,4,0
2009-10-13,2009,10,13,1,0
2012-11-19,2012,11,19,0,0
2013-11-12,2013,11,12,1,0
2013-04-30,2013,4,30,1,0
2013-01-15,2013,1,15,1,0
2013-10-06,2013,10,6,6,1
2012-10-23,2012,10,23,1,0
2011-12-22,2011,12,22,3,0
2010-04-14,2010,4,14,2,0
2011-04-26,2011,4,26,1,0
2011-09-28,2011,9,28,2,0
2013-03-14,2013,3,14,3,0
2013-09-25,2013,9,25,2,0
2011-04-15,2011,4,15,4,0
2009-02-04,2009,2,4,2,0
2013-05-15,2013,5,15,2,0
2008-09-28,2008,9,28,6,1
2013-09-05,2013,9,5,3,0
2013-06-20,2013,6,20,3,0
2013-03-08,2013,3,8,4,0
2013-11-07,2013,11,7,3,0
2013-11-15,2013,11,15,4,0
2009-06-10,2009,6,10,2,0
2013-04-19,2013,4,19,4,0
2013-05-09,2013,5,9,3,0
2012-04-20,2012,4,20,4,0
2012-04-09,2012,4,9,0,0
2013-11-22,2013,11,22,4,0
2014-01-01,2014,1,1,2,0
2013-08-21,2013,8,21,2,0
2013-03-09,2013,3,9,5,1
2013-08-29,2013,8,29,3,0
2013-09-15,2013,9,15,6,1
2012-07-04,2012,7,4,2,0
2013-07-17,2013,7,17,2,0
2013-08-15,2013,8,15,3,0
2013-06-12,2013,6,12,2,0
2013-12-16,2013,12,16,0,0
2012-08-03,2012,8,3,4,0
2011-08-23,2011,8,23,1,0
2013-07-09,2013,7,9,1,0
2012-11-30,2012,11,30,4,0
2008-04-07,2008,4,7,0,0
2013-08-02,2013,8,2,4,0
2013-05-13,2013,5,13,0,0
2012-03-26,2012,3,26,0,0
2012-05-04,2012,5,4,4,0
2013-12-31,2013,12,31,1,0
2013-12-03,2013,12,3,1,0
2013-12-12,2013,12,12,3,0
2013-01-05,2013,1,5,5,1
2013-02-26,2013,2,26,1,0
2013-10-21,2013,10,21,0,0
2011-12-10,2011,12,10,5,1
2013-11-21,2013,11,21,3,0
2012-04-06,2012,4,6,4,0
2010-12-14,2010,12,14,1,0
2011-11-11,2011,11,11,4,0
2013-09-08,2013,9,8,6,1
2013-10-14,2013,10,14,0,0
2011-01-05,2011,1,5,2,0
2012-01-04,2012,1,4,2,0
2012-03-20,2012,3,20,1,0
2013-04-28,2013,4,28,6,1
2012-07-28,2012,7,28,5,1
2013-07-22,2013,7,22,0,0
2012-05-29,2012,5,29,1,0
2013-06-06,2013,6,6,3,0
2013-07-19,2013,7,19,4,0
2013-01-20,2013,1,20,6,1
2013-09-09,2013,9,9,0,0
2011-12-16,2011,12,16,4,0
2012-11-04,2012,11,4,6,1
2013-10-11,2013,10,11,4,0
2012-07-14,2012,7,14,5,1
2013-09-12,2013,9,12,3,0
2013-12-25,2013,12,25,2,0
2013-12-23,2013,12,23,0,0
2013-05-28,2013,5,28,1,0
2012-05-26,2012,5,26,5,1
2011-08-28,2011,8,28,6,1
2013-11-16,2013,11,16,5,1
2013-12-13,2013,12,13,4,0
2013-03-16,2013,3,16,5,1
2011-09-24,2011,9,24,5,1
2010-01-10,2010,1,10,6,1
2013-09-24,2013,9,24,1,0
2008-02-08,2008,2,8,4,0
2012-02-13,2012,2,13,0,0
2013-04-11,2013,4,11,3,0
2012-06-07,2012,6,7,3,0
2008-08-20,2008,8,20,2,0
2009-05-17,2009,5,17,6,1
2009-11-12,2009,11,12,3,0
2007-04-22,2007,4,22,6,1
2009-05-19,2009,5,19,1,0
2011-11-08,2011,11,8,1,0
2011-11-19,2011,11,19,5,1
2008-06-27,2008,6,27,4,0
2011-11-02,2011,11,2,2,0
2013-10-02,2013,10,2,2,0
2013-01-04,2013,1,4,4,0
2010-08-17,2010,8,17,1,0
2010-07-23,2010,7,23,4,0
2009-01-21,2009,1,21,2,0
2012-02-06,2012,2,6,0,0
2008-02-19,2008,2,19,1,0
2010-04-09,2010,4,9,4,0
2011-01-04,2011,1,4,1,0
2010-09-07,2010,9,7,1,0
2011-01-31,2011,1,31,0,0
2011-02-15,2011,2,15,1,0
2011-07-13,2011,7,13,2,0
2008-07-16,2008,7,16,2,0
2008-12-12,2008,12,12,4,0
2011-12-15,2011,12,15,3,0
2012-05-16,2012,5,16,2,0
2010-06-15,2010,6,15,1,0
2013-12-26,2013,12,26,3,0
2009-03-03,2009,3,3,1,0
2013-11-02,2013,11,2,5,1
2011-12-08,2011,12,8,3,0
2009-04-16,2009,4,16,3,0
2010-01-18,2010,1,18,0,0
2011-12-13,2011,12,13,1,0
2012-08-15,2012,8,15,2,0
2010-12-26,2010,12,26,6,1
2012-12-08,2012,12,8,5,1
2010-06-24,2010,6,24,3,0
2013-09-17,2013,9,17,1,0
2012-09-11,2012,9,11,1,0
2010-07-14,2010,7,14,2,0
2010-03-01,2010,3,1,0,0
2012-06-01,2012,6,1,4,0
2012-04-19,2012,4,19,3,0
2006-02-08,2006,2,8,2,0
2013-06-05,2013,6,5,2,0
2010-03-02,2010,3,2,1,0
2009-06-01,2009,6,1,0,0
2012-03-19,2012,3,19,0,0
2013-04-18,2013,4,18,3,0
2011-07-28,2011,7,28,3,0
2011-03-08,2011,3,8,1,0
2012-08-25,2012,8,25,5,1
2011-07-04,2011,7,4,0,0
2010-03-14,2010,3,14,6,1
2011-04-14,2011,4,14,3,0
2013-06-17,2013,6,17,0,0
2013-04-24,2013,4,24,2,0
2009-12-30,2009,12,30,2,0
2010-01-02,2010,1,2,5,1
2012-06-13,2012,6,13,2,0
2010-12-15,2010,12,15,2,0
2012-04-03,2012,4,3,1,0
2012-01-07,2012,1,7,5,1
2011-01-17,2011,1,17,0,0
2013-10-26,2013,10,26,5,1
2012-12-20,2012,12,20,3,0
2010-12-27,2010,12,27,0,0
2011-10-29,2011,10,29,5,1
2011-02-04,2011,2,4,4,0
2012-07-03,2012,7,3,1,0
2013-01-12,2013,1,12,5,1
2013-03-17,2013,3,17,6,1
2013-07-18,2013,7,18,3,0
2011-09-25,2011,9,25,6,1
2011-10-11,2011,10,11,1,0
2013-07-15,2013,7,15,0,0
2011-10-07,2011,10,7,4,0
2012-10-20,2012,10,20,5,1
2011-02-26,2011,2,26,5,1
2010-10-09,2010,10,9,5,1
2013-02-03,2013,2,3,6,1
2008-10-30,2008,10,30,3,0
2013-10-22,2013,10,22,1,0
2010-06-22,2010,6,22,1,0
2011-08-19,2011,8,19,4,0
2009-10-16,2009,10,16,4,0
2008-09-05,2008,9,5,4,0
2012-05-10,2012,5,10,3,0
2012-08-05,2012,8,5,6,1
2011-11-09,2011,11,9,2,0
2011-08-07,2011,8,7,6,1
2009-02-28,2009,2,28,5,1
2013-05-10,2013,5,10,4,0
2013-04-29,2013,4,29,0,0
2012-04-07,2012,4,7,5,1
2013-08-08,2013,8,8,3,0
2008-05-19,2008,5,19,0,0
2012-03-23,2012,3,23,4,0
2008-06-01,2008,6,1,6,1
2012-08-19,2012,8,19,6,1
2011-06-20,2011,6,20,0,0
2013-01-18,2013,1,18,4,0
2012-07-06,2012,7,6,4,0
2012-07-13,2012,7,13,4,0
2011-03-12,2011,3,12,5,1
2012-05-21,2012,5,21,0,0
2011-12-26,2011,12,26,0,0
2012-01-20,2012,1,20,4,0
2012-04-17,2012,4,17,1,0
2012-10-26,2012,10,26,4,0
2012-03-04,2012,3,4,6,1
2012-06-17,2012,6,17,6,1
2013-07-05,2013,7,5,4,0
2011-03-09,2011,3,9,2,0
2012-06-05,2012,6,5,1,0
2012-11-02,2012,11,2,4,0
2012-10-04,2012,10,4,3,0
2011-12-06,2011,12,6,1,0
2013-06-19,2013,6,19,2,0
2013-12-30,2013,12,30,0,0
2005-02-22,2005,2,22,1,0
2008-08-30,2008,8,30,5,1
2013-04-22,2013,4,22,0,0
2013-07-16,2013,7,16,1,0
2011-06-09,2011,6,9,3,0
2012-08-26,2012,8,26,6,1
2011-08-15,2011,8,15,0,0
2013-05-05,2013,5,5,6,1
2012-12-04,2012,12,4,1,0
2012-12-15,2012,12,15,5,1
2013-08-01,2013,8,1,3,0
2012-05-12,2012,5,12,5,1
2012-07-08,2012,7,8,6,1
2011-12-14,2011,12,14,2,0
2012-08-07,2012,8,7,1,0
2012-04-27,2012,4,27,4,0
2013-08-30,2013,8,30,4,0
2012-11-22,2012,11,22,3,0
2012-05-08,2012,5,8,1,0
2011-12-28,2011,12,28,2,0
2011-09-08,2011,9,8,3,0
2011-12-05,2011,12,5,0,0
2011-10-27,2011,10,27,3,0
2009-12-31,2009,12,31,3,0
2011-08-26,2011,8,26,4,0
2013-02-05,2013,2,5,1,0
2011-06-25,2011,6,25,5,1
2012-03-17,2012,3,17,5,1
2013-01-24,2013,1,24,3,0
2012-11-29,2012,11,29,3,0
2013-05-17,2013,5,17,4,0
2011-02-17,2011,2,17,3,0
2010-12-02,2010,12,2,3,0
2013-04-07,2013,4,7,6,1
2011-08-18,2011,8,18,3,0
2013-09-26,2013,9,26,3,0
2012-08-09,2012,8,9,3,0
2012-10-12,2012,10,12,4,0
2012-02-21,2012,2,21,1,0
2012-10-09,2012,10,9,1,0
2011-12-19,2011,12,19,0,0
2012-05-31,2012,5,31,3,0
2012-03-06,2012,3,6,1,0
2013-07-13,2013,7,13,5,1
2012-07-11,2012,7,11,2,0
2013-01-02,2013,1,2,2,0
2012-06-25,2012,6,25,0,0
2012-11-28,2012,11,28,2,0
2013-04-05,2013,4,5,4,0
2013-05-03,2013,5,3,4,0
2012-08-21,2012,8,21,1,0
2013-07-25,2013,7,25,3,0
2012-09-17,2012,9,17,0,0
2013-07-30,2013,7,30,1,0
2012-03-30,2012,3,30,4,0
2009-06-23,2009,6,23,1,0
2013-05-30,2013,5,30,3,0
2011-02-10,2011,2,10,3,0
2012-06-21,2012,6,21,3,0
2012-04-21,2012,4,21,5,1
2013-05-31,2013,5,31,4,0
2009-06-21,2009,6,21,6,1
2013-03-07,2013,3,7,3,0
2012-06-22,2012,6,22,4,0
2012-12-05,2012,12,5,2,0
2012-04-10,2012,4,10,1,0
2012-12-10,2012,12,10,0,0
2010-04-22,2010,4,22,3,0
2012-10-08,2012,10,8,0,0
2012-01-16,2012,1,16,0,0
2013-08-24,2013,8,24,5,1
2012-08-30,2012,8,30,3,0
2009-01-11,2009,1,11,6,1
2012-02-08,2012,2,8,2,0
2012-12-29,2012,12,29,5,1
2013-09-10,2013,9,10,1,0
2011-03-18,2011,3,18,4,0
2011-11-28,2011,11,28,0,0
2008-06-04,2008,6,4,2,0
2013-03-26,2013,3,26,1,0
2011-06-14,2011,6,14,1,0
2012-05-25,2012,5,25,4,0
2013-03-06,2013,3,6,2,0
2013-08-13,2013,8,13,1,0
2013-04-17,2013,4,17,2,0
2013-05-12,2013,5,12,6,1
2013-01-25,2013,1,25,4,0
2010-12-17,2010,12,17,4,0
2012-11-16,2012,11,16,4,0
2011-10-24,2011,10,24,0,0
2010-06-21,2010,6,21,0,0
2013-12-22,2013,12,22,6,1
2013-08-14,2013,8,14,2,0
2013-01-16,2013,1,16,2,0
2012-08-11,2012,8,11,5,1
2012-03-24,2012,3,24,5,1
2011-03-31,2011,3,31,3,0
2009-05-08,2009,5,8,4,0
2014-01-04,2014,1,4,5,1
2012-07-26,2012,7,26,3,0
2012-06-26,2012,6,26,1,0
2013-02-27,2013,2,27,2,0
2013-01-07,2013,1,7,0,0
2012-12-14,2012,12,14,4,0
2012-11-17,2012,11,17,5,1
2011-06-13,2011,6,13,0,0
2013-07-21,2013,7,21,6,1
2013-11-13,2013,11,13,2,0
2010-01-27,2010,1,27,2,0
2013-06-10,2013,6,10,0,0
2013-04-01,2013,4,1,0,0
2013-01-13,2013,1,13,6,1
2013-02-04,2013,2,4,0,0
2012-05-17,2012,5,17,3,0
2012-07-21,2012,7,21,5,1
2013-02-19,2013,2,19,1,0
2011-01-02,2011,1,2,6,1
2013-02-24,2013,2,24,6,1
2013-11-17,2013,11,17,6,1
2013-03-20,2013,3,20,2,0
2008-03-19,2008,3,19,2,0
2013-07-23,2013,7,23,1,0
2013-05-08,2013,5,8,2,0
2013-05-04,2013,5,4,5,1
2013-04-21,2013,4,21,6,1
2013-07-20,2013,7,20,5,1
2013-08-19,2013,8,19,0,0
2013-08-12,2013,8,12,0,0
2013-11-03,2013,11,3,6,1
2013-12-08,2013,12,8,6,1
2010-09-19,2010,9,19,6,1
2013-07-04,2013,7,4,3,0
2012-01-06,2012,1,6,4,0
2005-04-23,2005,4,23,5,1
2012-07-25,2012,7,25,2,0
2005-06-08,2005,6,8,2,0
2009-05-09,2009,5,9,5,1
2007-03-05,2007,3,5,0,0
2013-12-21,2013,12,21,5,1
2009-02-21,2009,2,21,5,1
2012-06-02,2012,6,2,5,1
2008-04-17,2008,4,17,3,0
2013-03-28,2013,3,28,3,0
2011-02-14,2011,2,14,0,0
2011-05-17,2011,5,17,1,0
2011-05-04,2011,5,4,2,0
2008-03-09,2008,3,9,6,1
2009-04-08,2009,4,8,2,0
2009-08-20,2009,8,20,3,0
2009-11-10,2009,11,10,1,0
2013-08-05,2013,8,5,0,0
2010-09-23,2010,9,23,3,0
2010-03-15,2010,3,15,0,0
2009-12-03,2009,12,3,3,0
2010-05-23,2010,5,23,6,1
2009-11-28,2009,11,28,5,1
2009-11-21,2009,11,21,5,1
2011-08-04,2011,8,4,3,0
2008-02-24,2008,2,24,6,1
2012-07-15,2012,7,15,6,1
2010-01-28,2010,1,28,3,0
2008-03-01,2008,3,1,5,1
2009-06-08,2009,6,8,0,0
2009-10-18,2009,10,18,6,1
2008-03-14,2008,3,14,4,0
2010-09-29,2010,9,29,2,0
2011-11-03,2011,11,3,3,0
2009-10-14,2009,10,14,2,0
2011-10-06,2011,10,6,3,0
2012-08-16,2012,8,16,3,0
2007-09-13,2007,9,13,3,0
2013-04-14,2013,4,14,6,1
2009-06-06,2009,6,6,5,1
2008-08-04,2008,8,4,0,0
2009-07-05,2009,7,5,6,1
2009-05-12,2009,5,12,1,0
2012-07-05,2012,7,5,3,0
2010-06-13,2010,6,13,6,1
2008-11-13,2008,11,13,3,0
2013-07-29,2013,7,29,0,0
2011-08-21,2011,8,21,6,1
2012-08-20,2012,8,20,0,0
2011-12-18,2011,12,18,6,1
2012-02-22,2012,2,22,2,0
2009-08-05,2009,8,5,2,0
2013-02-21,2013,2,21,3,0
2009-11-04,2009,11,4,2,0
2009-12-19,2009,12,19,5,1
2012-03-13,2012,3,13,1,0
2009-11-11,2009,11,11,2,0
2008-10-21,2008,10,21,1,0
2008-11-26,2008,11,26,2,0
2007-12-27,2007,12,27,3,0
2013-01-21,2013,1,21,0,0
2008-05-27,2008,5,27,1,0
2011-09-21,2011,9,21,2,0
2011-12-24,2011,12,24,5,1
2011-01-12,2011,1,12,2,0
2012-09-28,2012,9,28,4,0
2012-03-15,2012,3,15,3,0
2013-03-12,2013,3,12,1,0
2008-03-23,2008,3,23,6,1
2008-02-18,2008,2,18,0,0
2009-12-26,2009,12,26,5,1
2009-11-02,2009,11,2,0,0
2012-11-27,2012,11,27,1,0
2009-02-05,2009,2,5,3,0
2009-08-11,2009,8,11,1,0
2011-06-15,2011,6,15,2,0
2012-05-07,2012,5,7,0,0
2012-03-14,2012,3,14,2,0
2013-01-26,2013,1,26,5,1
2010-04-15,2010,4,15,3,0
2012-01-12,2012,1,12,3,0
2011-07-23,2011,7,23,5,1
2011-03-24,2011,3,24,3,0
2012-03-21,2012,3,21,2,0
2009-08-29,2009,8,29,5,1
2009-09-23,2009,9,23,2,0
2011-11-27,2011,11,27,6,1
2011-03-06,2011,3,6,6,1
2009-07-02,2009,7,2,3,0
2011-06-30,2011,6,30,3,0
2011-09-30,2011,9,30,4,0
2011-11-23,2011,11,23,2,0
2013-12-15,2013,12,15,6,1
2012-02-02,2012,2,2,3,0
2013-04-15,2013,4,15,0,0
2013-11-04,2013,11,4,0,0
2012-03-31,2012,3,31,5,1
2010-05-11,2010,5,11,1,0
2013-03-19,2013,3,19,1,0
2010-09-09,2010,9,9,3,0
2012-11-18,2012,11,18,6,1
2009-12-28,2009,12,28,0,0
2009-04-10,2009,4,10,4,0
2013-01-08,2013,1,8,1,0
2013-05-21,2013,5,21,1,0
2012-02-05,2012,2,5,6,1
2013-04-06,2013,4,6,5,1
2013-06-04,2013,6,4,1,0
2013-05-23,2013,5,23,3,0
2011-05-08,2011,5,8,6,1
2013-03-30,2013,3,30,5,1
2011-09-26,2011,9,26,0,0
2011-03-02,2011,3,2,2,0
2009-02-15,2009,2,15,6,1
2012-03-28,2012,3,28,2,0
2010-07-13,2010,7,13,1,0
2009-08-24,2009,8,24,0,0
2008-02-25,2008,2,25,0,0
2008-04-21,2008,4,21,0,0
2009-04-17,2009,4,17,4,0
2013-03-29,2013,3,29,4,0
2012-03-05,2012,3,5,0,0
2013-06-01,2013,6,1,5,1
2009-10-04,2009,10,4,6,1
2013-02-10,2013,2,10,6,1
2009-06-12,2009,6,12,4,0
2011-03-19,2011,3,19,5,1
2008-10-14,2008,10,14,1,0
2007-03-10,2007,3,10,5,1
2012-02-15,2012,2,15,2,0
2009-11-24,2009,11,24,1,0
2009-12-14,2009,12,14,0,0
2010-10-07,2010,10,7,3,0
2012-07-27,2012,7,27,4,0
2009-02-25,2009,2,25,2,0
2011-04-20,2011,4,20,2,0
2010-04-08,2010,4,8,3,0
2013-12-14,2013,12,14,5,1
2009-12-09,2009,12,9,2,0
2013-02-20,2013,2,20,2,0
2011-07-15,2011,7,15,4,0
2012-03-03,2012,3,3,5,1
2013-10-04,2013,10,4,4,0
2012-02-04,2012,2,4,5,1
2009-06-13,2009,6,13,5,1
2010-10-04,2010,10,4,0,0
2011-01-15,2011,1,15,5,1
2010-12-22,2010,12,22,2,0
2010-02-08,2010,2,8,0,0
2013-12-04,2013,12,4,2,0
2013-05-19,2013,5,19,6,1
2012-03-02,2012,3,2,4,0
2010-04-17,2010,4,17,5,1
2013-07-10,2013,7,10,2,0
2011-07-19,2011,7,19,1,0
2012-10-11,2012,10,11,3,0
2012-12-13,2012,12,13,3,0
2009-10-09,2009,10,9,4,0
2011-09-12,2011,9,12,0,0
2011-08-10,2011,8,10,2,0
2011-01-16,2011,1,16,6,1
2012-01-17,2012,1,17,1,0
2011-07-17,2011,7,17,6,1
2012-12-17,2012,12,17,0,0
2011-05-19,2011,5,19,3,0
2010-06-28,2010,6,28,0,0
2010-07-24,2010,7,24,5,1
2011-08-01,2011,8,1,0,0
2010-11-05,2010,11,5,4,0
2013-09-29,2013,9,29,6,1
2012-09-21,2012,9,21,4,0
2012-07-31,2012,7,31,1,0
2013-10-10,2013,10,10,3,0
2013-06-21,2013,6,21,4,0
2008-07-30,2008,7,30,2,0
2013-06-11,2013,6,11,1,0
2010-03-10,2010,3,10,2,0
2012-06-12,2012,6,12,1,0
2011-10-30,2011,10,30,6,1
2009-07-22,2009,7,22,2,0
2010-08-11,2010,8,11,2,0
2013-06-23,2013,6,23,6,1
2013-03-04,2013,3,4,0,0
2011-01-26,2011,1,26,2,0
2012-05-22,2012,5,22,1,0
2011-05-24,2011,5,24,1,0
2011-09-22,2011,9,22,3,0
2012-04-28,2012,4,28,5,1
2012-12-02,2012,12,2,6,1
2013-09-07,2013,9,7,5,1
2011-11-04,2011,11,4,4,0
2013-11-24,2013,11,24,6,1
2012-05-02,2012,5,2,2,0
2013-02-22,2013,2,22,4,0
2013-06-02,2013,6,2,6,1
2010-11-21,2010,11,21,6,1
2012-03-22,2012,3,22,3,0
2013-05-07,2013,5,7,1,0
2013-12-18,2013,12,18,2,0
2012-10-18,2012,10,18,3,0
2011-03-30,2011,3,30,2,0
2010-09-02,2010,9,2,3,0
2012-09-12,2012,9,12,2,0
2012-04-12,2012,4,12,3,0
2012-11-26,2012,11,26,0,0
2010-11-25,2010,11,25,3,0
2010-06-25,2010,6,25,4,0
2011-07-26,2011,7,26,1,0
2011-06-26,2011,6,26,6,1
2012-04-01,2012,4,1,6,1
2013-01-23,2013,1,23,2,0
2012-05-06,2012,5,6,6,1
2013-04-02,2013,4,2,1,0
2012-06-09,2012,6,9,5,1
2011-12-20,2011,12,20,1,0
2011-10-26,2011,10,26,2,0
2011-12-21,2011,12,21,2,0
2009-05-25,2009,5,25,0,0
2010-11-24,2010,11,24,2,0
2011-09-16,2011,9,16,4,0
2012-05-23,2012,5,23,2,0
2011-10-09,2011,10,9,6,1
2009-03-15,2009,3,15,6,1
2012-01-14,2012,1,14,5,1
2012-01-31,2012,1,31,1,0
2012-01-30,2012,1,30,0,0
2010-09-27,2010,9,27,0,0
2012-06-15,2012,6,15,4,0
2013-06-28,2013,6,28,4,0
2011-11-12,2011,11,12,5,1
2010-08-28,2010,8,28,5,1
2011-10-19,2011,10,19,2,0
2012-03-29,2012,3,29,3,0
2012-08-27,2012,8,27,0,0
2011-09-20,2011,9,20,1,0
2011-07-10,2011,7,10,6,1
2012-12-07,2012,12,7,4,0
2012-08-02,2012,8,2,3,0
2013-07-12,2013,7,12,4,0
2012-02-29,2012,2,29,2,0
2013-04-20,2013,4,20,5,1
2008-06-03,2008,6,3,1,0
2011-12-30,2011,12,30,4,0
2012-11-21,2012,11,21,2,0
2012-09-29,2012,9,29,5,1
2012-06-03,2012,6,3,6,1
2013-05-01,2013,5,1,2,0
2010-10-01,2010,10,1,4,0
2011-10-13,2011,10,13,3,0
2013-05-29,2013,5,29,2,0
2012-09-06,2012,9,6,3,0
2013-04-12,2013,4,12,4,0
2011-09-04,2011,9,4,6,1
2013-08-06,2013,8,6,1,0
2012-09-03,2012,9,3,0,0
2012-03-08,2012,3,8,3,0
2013-01-30,2013,1,30,2,0
2013-02-28,2013,2,28,3,0
2011-07-27,2011,7,27,2,0
2013-06-07,2013,6,7,4,0
2011-02-18,2011,2,18,4,0
2013-02-12,2013,2,12,1,0
2013-10-16,2013,10,16,2,0
2012-11-05,2012,11,5,0,0
2013-09-13,2013,9,13,4,0
2012-10-03,2012,10,3,2,0
2013-09-14,2013,9,14,5,1
2013-06-30,2013,6,30,6,1
2013-06-26,2013,6,26,2,0
2013-10-20,2013,10,20,6,1
2013-09-16,2013,9,16,0,0
2013-02-06,2013,2,6,2,0
2012-02-24,2012,2,24,4,0
2012-12-28,2012,12,28,4,0
2009-09-08,2009,9,8,1,0
2010-03-13,2010,3,13,5,1
2012-07-19,2012,7,19,3,0
2013-03-02,2013,3,2,5,1
2010-07-30,2010,7,30,4,0
2010-04-13,2010,4,13,1,0
2013-11-27,2013,11,27,2,0
2013-07-27,2013,7,27,5,1
2013-05-02,2013,5,2,3,0
2011-10-28,2011,10,28,4,0
2010-07-08,2010,7,8,3,0
2009-06-29,2009,6,29,0,0
2009-11-29,2009,11,29,6,1
2010-11-20,2010,11,20,5,1
2011-07-29,2011,7,29,4,0
2013-08-20,2013,8,20,1,0
2012-05-11,2012,5,11,4,0
2011-07-20,2011,7,20,2,0
2013-03-18,2013,3,18,0,0
2013-07-26,2013,7,26,4,0
2013-02-25,2013,2,25,0,0
2011-12-03,2011,12,3,5,1
2013-09-28,2013,9,28,5,1
2010-04-07,2010,4,7,2,0
2011-11-15,2011,11,15,1,0
2009-11-05,2009,11,5,3,0
2008-06-10,2008,6,10,1,0
2013-01-19,2013,1,19,5,1
2012-11-12,2012,11,12,0,0
2008-06-24,2008,6,24,1,0
2012-05-30,2012,5,30,2,0
2012-06-04,2012,6,4,0,0
2012-12-25,2012,12,25,1,0
2008-11-05,2008,11,5,2,0
2009-05-06,2009,5,6,2,0
2013-03-25,2013,3,25,0,0
2005-05-19,2005,5,19,3,0
2008-11-23,2008,11,23,6,1
2009-02-12,2009,2,12,3,0
2010-12-23,2010,12,23,3,0
2008-04-18,2008,4,18,4,0
2007-08-27,2007,8,27,0,0
2009-12-27,2009,12,27,6,1
2005-12-20,2005,12,20,1,0
2008-10-06,2008,10,6,0,0
2011-11-01,2011,11,1,1,0
2012-10-24,2012,10,24,2,0
2008-05-25,2008,5,25,6,1
2009-04-15,2009,4,15,2,0
2013-04-27,2013,4,27,5,1
2012-12-18,2012,12,18,1,0
2013-07-02,2013,7,2,1,0
2013-10-17,2013,10,17,3,0
2013-08-27,2013,8,27,1,0
2012-01-22,2012,1,22,6,1
2010-08-30,2010,8,30,0,0
2013-04-13,2013,4,13,5,1
2008-06-14,2008,6,14,5,1
2008-05-01,2008,5,1,3,0
2011-02-12,2011,2,12,5,1
2008-10-27,2008,10,27,0,0
2008-08-12,2008,8,12,1,0
2010-06-20,2010,6,20,6,1
2008-06-08,2008,6,8,6,1
2009-03-19,2009,3,19,3,0
2008-10-20,2008,10,20,0,0
2008-06-02,2008,6,2,0,0
2010-10-22,2010,10,22,4,0
2013-04-23,2013,4,23,1,0
2011-01-29,2011,1,29,5,1
2011-03-26,2011,3,26,5,1
2012-04-11,2012,4,11,2,0
2010-10-29,2010,10,29,4,0
2011-03-22,2011,3,22,1,0
2011-01-27,2011,1,27,3,0
2012-07-20,2012,7,20,4,0
2011-04-08,2011,4,8,4,0
2009-09-20,2009,9,20,6,1
2010-02-02,2010,2,2,1,0
2008-11-25,2008,11,25,1,0
2011-12-27,2011,12,27,1,0
2009-03-28,2009,3,28,5,1
2011-01-06,2011,1,6,3,0
2013-10-08,2013,10,8,1,0
2013-03-01,2013,3,1,4,0
2012-07-10,2012,7,10,1,0
2011-10-12,2011,10,12,2,0
2012-06-27,2012,6,27,2,0
2013-08-28,2013,8,28,2,0
2012-09-07,2012,9,7,4,0
2010-02-11,2010,2,11,3,0
2012-06-11,2012,6,11,0,0
2010-05-31,2010,5,31,0,0
2010-10-14,2010,10,14,3,0
2010-08-24,2010,8,24,1,0
2010-12-20,2010,12,20,0,0
2011-11-22,2011,11,22,1,0
2013-03-15,2013,3,15,4,0
2011-09-23,2011,9,23,4,0
2012-07-24,2012,7,24,1,0
2012-02-10,2012,2,10,4,0
2011-08-22,2011,8,22,0,0
2010-12-01,2010,12,1,2,0
2013-08-22,2013,8,22,3,0
2008-10-18,2008,10,18,5,1
2013-10-07,2013,10,7,0,0
2013-10-24,2013,10,24,3,0
2013-08-03,2013,8,3,5,1
2012-11-10,2012,11,10,5,1
2012-10-21,2012,10,21,6,1
2010-11-18,2010,11,18,3,0
2010-12-28,2010,12,28,1,0
2013-07-11,2013,7,11,3,0
2012-12-11,2012,12,11,1,0
2012-10-16,2012,10,16,1,0
2012-08-12,2012,8,12,6,1
2010-07-28,2010,7,28,2,0
2011-10-01,2011,10,1,5,1
2011-06-24,2011,6,24,4,0
2013-09-01,2013,9,1,6,1
2011-09-07,2011,9,7,2,0
2012-09-27,2012,9,27,3,0
2011-12-12,2011,12,12,0,0
2013-04-26,2013,4,26,4,0
2011-06-21,2011,6,21,1,0
2012-10-29,2012,10,29,0,0
2013-05-25,2013,5,25,5,1
2012-07-29,2012,7,29,6,1
2013-10-28,2013,10,28,0,0
2010-02-23,2010,2,23,1,0
2012-07-01,2012,7,1,6,1
2010-12-10,2010,12,10,4,0
2011-07-02,2011,7,2,5,1
2009-11-27,2009,11,27,4,0
2013-03-22,2013,3,22,4,0
2012-05-05,2012,5,5,5,1
2011-12-29,2011,12,29,3,0
2012-05-14,2012,5,14,0,0
2008-12-11,2008,12,11,3,0
2011-08-12,2011,8,12,4,0
2011-05-09,2011,5,9,0,0
2012-12-21,2012,12,21,4,0
2012-11-23,2012,11,23,4,0
2013-01-14,2013,1,14,0,0
2010-12-24,2010,12,24,4,0
2013-06-08,2013,6,8,5,1
2012-02-07,2012,2,7,1,0
2010-04-16,2010,4,16,4,0
2012-02-28,2012,2,28,1,0
2012-10-28,2012,10,28,6,1
2009-07-03,2009,7,3,4,0
2010-11-30,2010,11,30,1,0
2013-03-31,2013,3,31,6,1
2013-07-07,2013,7,7,6,1
2013-08-25,2013,8,25,6,1
2013-09-22,2013,9,22,6,1
2012-08-01,2012,8,1,2,0
2012-06-18,2012,6,18,0,0
2012-11-15,2012,11,15,3,0
2013-04-10,2013,4,10,2,0
2014-01-09,2014,1,9,3,0
2012-11-06,2012,11,6,1,0
2013-06-13,2013,6,13,3,0
2008-04-22,2008,4,22,1,0
2013-12-10,2013,12,10,1,0
2011-09-17,2011,9,17,5,1
2012-04-22,2012,4,22,6,1
2013-02-18,2013,2,18,0,0
2013-12-06,2013,12,6,4,0
2011-07-25,2011,7,25,0,0
2012-03-12,2012,3,12,0,0
2010-11-28,2010,11,28,6,1
2013-01-11,2013,1,11,4,0
2012-11-03,2012,11,3,5,1
2009-11-23,2009,11,23,0,0
2012-06-19,2012,6,19,1,0
2013-01-06,2013,1,6,6,1
2013-01-31,2013,1,31,3,0
2012-11-01,2012,11,1,3,0
2009-05-10,2009,5,10,6,1
2013-08-26,2013,8,26,0,0
2013-09-23,2013,9,23,0,0
2012-05-03,2012,5,3,3,0
2009-09-25,2009,9,25,4,0
2013-01-10,2013,1,10,3,0
2013-03-11,2013,3,11,0,0
2013-10-12,2013,10,12,5,1
2011-07-12,2011,7,12,1,0
2008-11-12,2008,11,12,2,0
2013-01-28,2013,1,28,0,0
2013-10-19,2013,10,19,5,1
2009-04-01,2009,4,1,2,0
2012-03-25,2012,3,25,6,1
2013-07-01,2013,7,1,0,0
2011-08-16,2011,8,16,1,0
2010-09-14,2010,9,14,1,0
2013-12-29,2013,12,29,6,1
2008-06-13,2008,6,13,4,0
2007-02-20,2007,2,20,1,0
2013-12-02,2013,12,2,0,0
2013-11-29,2013,11,29,4,0
2008-11-06,2008,11,6,3,0
2011-01-07,2011,1,7,4,0
2008-11-07,2008,11,7,4,0
2010-10-20,2010,10,20,2,0
2011-02-24,2011,2,24,3,0
2010-05-15,2010,5,15,5,1
2010-07-15,2010,7,15,3,0
2011-12-07,2011,12,7,2,0
2010-12-05,2010,12,5,6,1
2012-09-02,2012,9,2,6,1
2012-05-19,2012,5,19,5,1
2012-07-22,2012,7,22,6,1
2012-09-20,2012,9,20,3,0
2009-07-24,2009,7,24,4,0
2010-09-21,2010,9,21,1,0
2009-09-22,2009,9,22,1,0
2009-07-19,2009,7,19,6,1
2013-08-11,2013,8,11,6,1
2009-03-31,2009,3,31,1,0
2010-02-27,2010,2,27,5,1
2013-10-18,2013,10,18,4,0
2009-08-18,2009,8,18,1,0
2011-04-19,2011,4,19,1,0
2010-03-19,2010,3,19,4,0
2010-08-12,2010,8,12,3,0
2011-01-19,2011,1,19,2,0
2011-12-17,2011,12,17,5,1
2008-03-17,2008,3,17,0,0
2010-08-15,2010,8,15,6,1
2011-04-01,2011,4,1,4,0
2010-12-30,2010,12,30,3,0
2009-11-01,2009,11,1,6,1
2013-05-14,2013,5,14,1,0
2010-07-16,2010,7,16,4,0
2011-08-25,2011,8,25,3,0
2012-04-30,2012,4,30,0,0
2010-04-25,2010,4,25,6,1
2012-08-24,2012,8,24,4,0
2011-01-21,2011,1,21,4,0
2011-06-01,2011,6,1,2,0
2002-08-21,2002,8,21,2,0
2013-06-27,2013,6,27,3,0
2010-08-16,2010,8,16,0,0
2010-05-12,2010,5,12,2,0
2013-07-31,2013,7,31,2,0
2010-10-15,2010,10,15,4,0
2013-02-23,2013,2,23,5,1
2012-05-18,2012,5,18,4,0
2011-10-10,2011,10,10,0,0
2009-07-13,2009,7,13,0,0
2012-05-09,2012,5,9,2,0
2010-12-16,2010,12,16,3,0
2013-04-04,2013,4,4,3,0
2010-10-16,2010,10,16,5,1
2011-03-21,2011,3,21,0,0
2010-08-02,2010,8,2,0,0
2013-03-10,2013,3,10,6,1
2011-10-23,2011,10,23,6,1
2008-02-21,2008,2,21,3,0
2010-09-16,2010,9,16,3,0
2010-06-08,2010,6,8,1,0
2014-01-03,2014,1,3,4,0
2011-05-29,2011,5,29,6,1
2010-11-15,2010,11,15,0,0
2012-09-01,2012,9,1,5,1
2010-10-12,2010,10,12,1,0
2012-01-21,2012,1,21,5,1
2013-09-18,2013,9,18,2,0
2012-04-24,2012,4,24,1,0
2010-12-31,2010,12,31,4,0
2013-01-09,2013,1,9,2,0
2012-04-26,2012,4,26,3,0
2011-01-23,2011,1,23,6,1
2011-01-11,2011,1,11,1,0
2011-02-11,2011,2,11,4,0
2011-02-02,2011,2,2,2,0
2013-09-04,2013,9,4,2,0
2012-04-16,2012,4,16,0,0
2013-04-16,2013,4,16,1,0
2010-11-11,2010,11,11,3,0
2010-11-17,2010,11,17,2,0
2011-10-05,2011,10,5,2,0
2013-05-24,2013,5,24,4,0
2012-05-28,2012,5,28,0,0
2012-06-14,2012,6,14,3,0
2010-12-19,2010,12,19,6,1
2011-05-27,2011,5,27,4,0
2012-04-14,2012,4,14,5,1
2011-10-08,2011,10,8,5,1
2011-09-27,2011,9,27,1,0
2011-02-01,2011,2,1,1,0
2011-10-14,2011,10,14,4,0
2013-04-03,2013,4,3,2,0
2010-10-25,2010,10,25,0,0
2012-02-23,2012,2,23,3,0
2013-03-21,2013,3,21,3,0
2013-06-18,2013,6,18,1,0
2010-11-04,2010,11,4,3,0
2011-09-06,2011,9,6,1,0
2012-01-01,2012,1,1,6,1
2009-01-25,2009,1,25,6,1
2011-03-10,2011,3,10,3,0
2011-03-11,2011,3,11,4,0
2008-03-21,2008,3,21,4,0
2010-10-13,2010,10,13,2,0
2012-01-24,2012,1,24,1,0
2013-01-27,2013,1,27,6,1
2013-07-24,2013,7,24,2,0
2012-06-24,2012,6,24,6,1
2012-09-26,2012,9,26,2,0
2012-08-04,2012,8,4,5,1
2013-04-09,2013,4,9,1,0
2013-03-27,2013,3,27,2,0
2012-02-25,2012,2,25,5,1
2012-10-22,2012,10,22,0,0
2009-06-05,2009,6,5,4,0
2009-10-24,2009,10,24,5,1
2011-01-30,2011,1,30,6,1
2011-08-29,2011,8,29,0,0
2009-04-24,2009,4,24,4,0
2012-07-07,2012,7,7,5,1
2010-07-10,2010,7,10,5,1
2011-09-29,2011,9,29,3,0
2011-10-18,2011,10,18,1,0
2012-07-23,2012,7,23,0,0
2008-06-05,2008,6,5,3,0
2012-05-27,2012,5,27,6,1
2012-01-27,2012,1,27,4,0
2010-12-04,2010,12,4,5,1
2010-11-27,2010,11,27,5,1
2013-02-17,2013,2,17,6,1
2012-04-08,2012,4,8,6,1
2012-11-11,2012,11,11,6,1
2013-02-13,2013,2,13,2,0
2012-10-10,2012,10,10,2,0
2013-02-07,2013,2,7,3,0
2012-04-05,2012,4,5,3,0
2013-05-20,2013,5,20,0,0
2010-04-04,2010,4,4,6,1
2012-06-16,2012,6,16,5,1
2013-04-25,2013,4,25,3,0
2013-02-01,2013,2,1,4,0
2012-07-12,2012,7,12,3,0
2010-10-06,2010,10,6,2,0
2013-09-03,2013,9,3,1,0
2012-09-16,2012,9,16,6,1
2010-07-19,2010,7,19,0,0
2012-03-27,2012,3,27,1,0
2013-11-25,2013,11,25,0,0
2013-01-22,2013,1,22,1,0
2012-09-09,2012,9,9,6,1
2008-12-19,2008,12,19,4,0
2013-11-10,2013,11,10,6,1
2013-11-05,2013,11,5,1,0
2010-11-22,2010,11,22,0,0
2008-02-03,2008,2,3,6,1
2008-08-17,2008,8,17,6,1
2008-07-10,2008,7,10,3,0
2010-04-21,2010,4,21,2,0
2008-10-15,2008,10,15,2,0
2009-05-28,2009,5,28,3,0
2013-07-08,2013,7,8,0,0
2011-05-28,2011,5,28,5,1
2011-06-29,2011,6,29,2,0
2012-10-06,2012,10,6,5,1
2007-06-23,2007,6,23,5,1
2012-09-22,2012,9,22,5,1
2012-03-09,2012,3,9,4,0
2013-05-11,2013,5,11,5,1
2012-04-02,2012,4,2,0,0
2012-03-11,2012,3,11,6,1
2011-03-04,2011,3,4,4,0
2008-06-17,2008,6,17,1,0
2008-07-02,2008,7,2,2,0
2010-06-14,2010,6,14,0,0
2009-04-27,2009,4,27,0,0
2008-12-27,2008,12,27,5,1
2009-10-15,2009,10,15,3,0
2013-03-05,2013,3,5,1,0
2008-11-04,2008,11,4,1,0
2009-05-22,2009,5,22,4,0
2008-03-20,2008,3,20,3,0
2009-10-25,2009,10,25,6,1
2010-01-20,2010,1,20,2,0
2009-07-27,2009,7,27,0,0
2008-08-28,2008,8,28,3,0
2008-11-01,2008,11,1,5,1
2007-06-07,2007,6,7,3,0
2008-08-02,2008,8,2,5,1
2013-10-30,2013,10,30,2,0
2008-08-08,2008,8,8,4,0
2009-01-06,2009,1,6,1,0
2008-07-06,2008,7,6,6,1
2012-10-31,2012,10,31,2,0
2009-09-02,2009,9,2,2,0
2009-02-19,2009,2,19,3,0
2013-09-02,2013,9,2,0,0
2009-01-15,2009,1,15,3,0
2010-08-20,2010,8,20,4,0
2008-07-17,2008,7,17,3,0
2009-07-01,2009,7,1,2,0
2009-08-16,2009,8,16,6,1
2010-05-14,2010,5,14,4,0
2010-03-31,2010,3,31,2,0
2008-11-30,2008,11,30,6,1
2012-09-18,2012,9,18,1,0
2008-03-30,2008,3,30,6,1
2013-10-27,2013,10,27,6,1
2009-07-08,2009,7,8,2,0
2013-08-18,2013,8,18,6,1
2010-08-01,2010,8,1,6,1
2009-06-11,2009,6,11,3,0
2011-05-22,2011,5,22,6,1
2009-09-14,2009,9,14,0,0
2010-06-03,2010,6,3,3,0
2012-02-17,2012,2,17,4,0
2009-05-04,2009,5,4,0,0
2011-10-17,2011,10,17,0,0
2013-11-19,2013,11,19,1,0
2008-07-20,2008,7,20,6,1
2011-09-14,2011,9,14,2,0
2011-11-14,2011,11,14,0,0
2011-12-11,2011,12,11,6,1
2009-03-13,2009,3,13,4,0
2012-03-01,2012,3,1,3,0
2012-12-19,2012,12,19,2,0
2010-01-01,2010,1,1,4,0
2011-10-04,2011,10,4,1,0
2010-08-07,2010,8,7,5,1
2010-11-07,2010,11,7,6,1
2012-09-19,2012,9,19,2,0
2012-02-14,2012,2,14,1,0
2009-05-14,2009,5,14,3,0
2010-06-12,2010,6,12,5,1
2009-02-17,2009,2,17,1,0
2009-10-27,2009,10,27,1,0
2012-06-23,2012,6,23,5,1
2011-08-13,2011,8,13,5,1
2011-11-24,2011,11,24,3,0
2011-10-21,2011,10,21,4,0
2009-05-11,2009,5,11,0,0
2009-01-24,2009,1,24,5,1
2010-03-04,2010,3,4,3,0
2009-09-18,2009,9,18,4,0
2009-12-29,2009,12,29,1,0
2011-05-05,2011,5,5,3,0
2010-08-10,2010,8,10,1,0
2011-05-25,2011,5,25,2,0
2010-07-25,2010,7,25,6,1
2012-08-18,2012,8,18,5,1
2008-01-25,2008,1,25,4,0
2011-11-26,2011,11,26,5,1
2009-05-07,2009,5,7,3,0
2010-08-18,2010,8,18,2,0
2012-03-16,2012,3,16,4,0
2009-09-29,2009,9,29,1,0
2011-05-12,2011,5,12,3,0
2012-11-20,2012,11,20,1,0
2012-08-14,2012,8,14,1,0
2010-02-01,2010,2,1,0,0
2011-07-09,2011,7,9,5,1
2013-09-11,2013,9,11,2,0
2012-09-23,2012,9,23,6,1
2012-10-17,2012,10,17,2,0
2012-09-15,2012,9,15,5,1
2013-11-26,2013,11,26,1,0
2013-02-02,2013,2,2,5,1
2013-02-11,2013,2,11,0,0
2012-10-01,2012,10,1,0,0
2011-09-02,2011,9,2,4,0
2013-10-15,2013,10,15,1,0
2009-02-11,2009,2,11,2,0
2013-06-25,2013,6,25,1,0
2010-09-25,2010,9,25,5,1
2011-08-03,2011,8,3,2,0
2008-02-23,2008,2,23,5,1
2011-03-07,2011,3,7,0,0
2011-06-16,2011,6,16,3,0
2011-10-31,2011,10,31,0,0
2012-12-30,2012,12,30,6,1
2009-08-27,2009,8,27,3,0
2009-04-30,2009,4,30,3,0
2012-01-09,2012,1,9,0,0
2006-05-12,2006,5,12,4,0
2008-03-05,2008,3,5,2,0
2011-06-17,2011,6,17,4,0
2008-04-25,2008,4,25,4,0
2010-11-02,2010,11,2,1,0
2004-01-30,2004,1,30,4,0
2010-04-10,2010,4,10,5,1
2011-08-08,2011,8,8,0,0
2013-05-27,2013,5,27,0,0
2013-03-13,2013,3,13,2,0
2013-06-09,2013,6,9,6,1
2009-09-17,2009,9,17,3,0
2008-07-18,2008,7,18,4,0
2008-09-01,2008,9,1,0,0
2009-05-05,2009,5,5,1,0
2009-04-03,2009,4,3,4,0
2012-08-06,2012,8,6,0,0
2013-05-16,2013,5,16,3,0
2010-07-03,2010,7,3,5,1
2008-11-27,2008,11,27,3,0
2013-05-06,2013,5,6,0,0
2010-09-28,2010,9,28,1,0
2012-08-23,2012,8,23,3,0
2012-12-06,2012,12,6,3,0
2013-01-01,2013,1,1,1,0
2006-11-07,2006,11,7,1,0
2011-11-29,2011,11,29,1,0
2011-11-30,2011,11,30,2,0
2013-09-20,2013,9,20,4,0
2013-08-17,2013,8,17,5,1
2010-02-26,2010,2,26,4,0
2009-04-09,2009,4,9,3,0
2011-03-23,2011,3,23,2,0
2010-11-03,2010,11,3,2,0
2011-10-02,2011,10,2,6,1
2011-12-02,2011,12,2,4,0
2011-09-13,2011,9,13,1,0
2010-09-13,2010,9,13,0,0
2009-11-20,2009,11,20,4,0
2011-12-01,2011,12,1,3,0
2011-08-31,2011,8,31,2,0
2010-11-01,2010,11,1,0,0
2009-02-07,2009,2,7,5,1
2011-04-25,2011,4,25,0,0
2010-01-06,2010,1,6,2,0
2010-02-24,2010,2,24,2,0
2013-10-31,2013,10,31,3,0
2009-04-26,2009,4,26,6,1
2012-01-19,2012,1,19,3,0
2012-01-02,2012,1,2,0,0
2013-11-28,2013,11,28,3,0
2012-09-14,2012,9,14,4,0
2013-12-17,2013,12,17,1,0
2012-01-05,2012,1,5,3,0
2013-08-09,2013,8,9,4,0
2011-03-03,2011,3,3,3,0
2011-05-13,2011,5,13,4,0
2011-07-24,2011,7,24,6,1
2011-02-21,2011,2,21,0,0
2010-12-09,2010,12,9,3,0
2009-10-17,2009,10,17,5,1
2012-04-18,2012,4,18,2,0
2008-04-13,2008,4,13,6,1
2012-12-27,2012,12,27,3,0
2008-11-08,2008,11,8,5,1
2008-02-20,2008,2,20,2,0
2012-07-16,2012,7,16,0,0
2011-07-01,2011,7,1,4,0
2011-07-07,2011,7,7,3,0
2010-02-14,2010,2,14,6,1
2009-11-14,2009,11,14,5,1
2011-03-16,2011,3,16,2,0
2012-10-27,2012,10,27,5,1
2012-06-08,2012,6,8,4,0
2012-05-24,2012,5,24,3,0
2012-08-13,2012,8,13,0,0
2011-08-20,2011,8,20,5,1
2012-12-16,2012,12,16,6,1
2012-12-31,2012,12,31,0,0
2011-04-16,2011,4,16,5,1
2012-07-18,2012,7,18,2,0
2012-06-20,2012,6,20,2,0
2010-05-07,2010,5,7,4,0
2012-01-03,2012,1,3,1,0
2012-08-17,2012,8,17,4,0
2009-09-09,2009,9,9,2,0
2009-11-16,2009,11,16,0,0
2012-09-10,2012,9,10,0,0
2013-08-16,2013,8,16,4,0
2009-11-13,2009,11,13,4,0
2011-01-18,2011,1,18,1,0
2013-01-17,2013,1,17,3,0
2012-07-30,2012,7,30,0,0
2012-10-05,2012,10,5,4,0
2012-10-30,2012,10,30,1,0
2008-07-28,2008,7,28,0,0
2013-10-25,2013,10,25,4,0
2012-09-24,2012,9,24,0,0
2012-08-10,2012,8,10,4,0
2009-07-28,2009,7,28,1,0
2012-12-09,2012,12,9,6,1
2013-07-06,2013,7,6,5,1
2008-02-02,2008,2,2,5,1
2009-11-08,2009,11,8,6,1
2012-09-30,2012,9,30,6,1
2009-11-26,2009,11,26,3,0
2010-07-21,2010,7,21,2,0
2005-11-03,2005,11,3,3,0
2011-01-10,2011,1,10,0,0
2007-10-24,2007,10,24,2,0
2013-07-03,2013,7,3,2,0
2009-01-16,2009,1,16,4,0
2009-04-20,2009,4,20,0,0
2008-02-29,2008,2,29,4,0
2010-09-08,2010,9,8,2,0
2010-01-25,2010,1,25,0,0
2008-09-07,2008,9,7,6,1
2009-11-09,2009,11,9,0,0
2010-12-03,2010,12,3,4,0
2009-09-15,2009,9,15,1,0
2007-02-14,2007,2,14,2,0
2012-06-10,2012,6,10,6,1
2009-06-07,2009,6,7,6,1
2008-01-30,2008,1,30,2,0
2008-05-17,2008,5,17,5,1
2009-08-13,2009,8,13,3,0
2010-05-13,2010,5,13,3,0
2009-09-11,2009,9,11,4,0
2009-08-02,2009,8,2,6,1
2009-11-15,2009,11,15,6,1
2011-08-24,2011,8,24,2,0
2012-02-16,2012,2,16,3,0
2011-07-05,2011,7,5,1,0
2011-11-21,2011,11,21,0,0
2011-10-22,2011,10,22,5,1
2010-03-17,2010,3,17,2,0
2011-07-06,2011,7,6,2,0
2012-06-06,2012,6,6,2,0
2009-09-30,2009,9,30,2,0
2011-04-21,2011,4,21,3,0
2010-04-11,2010,4,11,6,1
2009-04-28,2009,4,28,1,0
2012-07-17,2012,7,17,1,0
2012-06-30,2012,6,30,5,1
2013-05-18,2013,5,18,5,1
2013-06-24,2013,6,24,0,0
2010-03-07,2010,3,7,6,1
2013-11-08,2013,11,8,4,0
2011-08-06,2011,8,6,5,1
2009-01-28,2009,1,28,2,0
2010-03-24,2010,3,24,2,0
2011-11-13,2011,11,13,6,1
2009-06-15,2009,6,15,0,0
2012-04-15,2012,4,15,6,1
2013-09-27,2013,9,27,4,0
2012-02-20,2012,2,20,0,0
2013-10-13,2013,10,13,6,1
2010-11-10,2010,11,10,2,0
2011-06-18,2011,6,18,5,1
2012-11-13,2012,11,13,1,0
2011-01-14,2011,1,14,4,0
2011-07-21,2011,7,21,3,0
2009-10-01,2009,10,1,3,0
2011-04-11,2011,4,11,0,0
2011-06-27,2011,6,27,0,0
2011-05-23,2011,5,23,0,0
2011-12-23,2011,12,23,4,0
2011-05-11,2011,5,11,2,0
2012-07-02,2012,7,2,0,0
2011-05-10,2011,5,10,1,0
2013-06-29,2013,6,29,5,1
2011-03-29,2011,3,29,1,0
2012-08-31,2012,8,31,4,0
2013-11-23,2013,11,23,5,1
2010-07-27,2010,7,27,1,0
2012-11-14,2012,11,14,2,0
2012-11-07,2012,11,7,2,0
2009-11-06,2009,11,6,4,0
2009-04-25,2009,4,25,5,1
2008-08-13,2008,8,13,2,0
2008-09-21,2008,9,21,6,1
2013-11-18,2013,11,18,0,0
2013-06-15,2013,6,15,5,1
2011-09-15,2011,9,15,3,0
2013-09-19,2013,9,19,3,0
2011-03-25,2011,3,25,4,0
2010-03-18,2010,3,18,3,0
2010-12-25,2010,12,25,5,1
2011-10-20,2011,10,20,3,0
2011-10-16,2011,10,16,6,1
2003-11-26,2003,11,26,2,0
2009-03-10,2009,3,10,1,0
2009-06-02,2009,6,2,1,0
2009-03-07,2009,3,7,5,1
2009-03-22,2009,3,22,6,1
2010-05-02,2010,5,2,6,1
2013-11-14,2013,11,14,3,0
2009-07-20,2009,7,20,0,0
2013-10-29,2013,10,29,1,0
2008-06-19,2008,6,19,3,0
2008-11-11,2008,11,11,1,0
2005-04-01,2005,4,1,4,0
2005-11-04,2005,11,4,4,0
2009-04-18,2009,4,18,5,1
2009-06-03,2009,6,3,2,0
2009-04-13,2009,4,13,0,0
2010-10-27,2010,10,27,2,0
2008-10-22,2008,10,22,2,0
2009-03-09,2009,3,9,0,0
2013-03-23,2013,3,23,5,1
2008-11-29,2008,11,29,5,1
2012-01-18,2012,1,18,2,0
2008-05-29,2008,5,29,3,0
2009-10-10,2009,10,10,5,1
2011-04-17,2011,4,17,6,1
2008-11-24,2008,11,24,0,0
2003-04-27,2003,4,27,6,1
2010-03-23,2010,3,23,1,0
2008-04-23,2008,4,23,2,0
2012-02-26,2012,2,26,6,1
2011-06-06,2011,6,6,0,0
2009-07-25,2009,7,25,5,1
2010-01-23,2010,1,23,5,1
2011-06-07,2011,6,7,1,0
2010-04-20,2010,4,20,1,0
2010-09-04,2010,9,4,5,1
2011-11-06,2011,11,6,6,1
2012-01-10,2012,1,10,1,0
2011-11-07,2011,11,7,0,0
2013-08-23,2013,8,23,4,0
2011-11-17,2011,11,17,3,0
2012-02-18,2012,2,18,5,1
2013-11-20,2013,11,20,2,0
2010-11-12,2010,11,12,4,0
2010-10-03,2010,10,3,6,1
2012-08-08,2012,8,8,2,0
2011-09-19,2011,9,19,0,0
2012-09-13,2012,9,13,3,0
2013-10-03,2013,10,3,3,0
2012-09-04,2012,9,4,1,0
2011-05-31,2011,5,31,1,0
2012-05-13,2012,5,13,6,1
2012-02-27,2012,2,27,0,0
2012-12-23,2012,12,23,6,1
2010-03-03,2010,3,3,2,0
2010-05-20,2010,5,20,3,0
2012-01-11,2012,1,11,2,0
2011-03-17,2011,3,17,3,0
2011-09-05,2011,9,5,0,0
2010-10-18,2010,10,18,0,0
2011-06-03,2011,6,3,4,0
2012-12-26,2012,12,26,2,0
2009-10-08,2009,10,8,3,0
2009-09-07,2009,9,7,0,0
2010-04-06,2010,4,6,1,0
2009-03-23,2009,3,23,0,0
2012-08-29,2012,8,29,2,0
2010-01-26,2010,1,26,1,0
2009-11-25,2009,11,25,2,0
2011-04-13,2011,4,13,2,0
2010-06-07,2010,6,7,0,0
2008-06-28,2008,6,28,5,1
2011-04-27,2011,4,27,2,0
2011-04-22,2011,4,22,4,0
2011-08-30,2011,8,30,1,0
2013-06-22,2013,6,22,5,1
2011-04-04,2011,4,4,0,0
2011-10-25,2011,10,25,1,0
2009-10-12,2009,10,12,0,0
2011-05-16,2011,5,16,0,0
2011-03-15,2011,3,15,1,0
2011-08-11,2011,8,11,3,0
2012-06-28,2012,6,28,3,0
2011-02-13,2011,2,13,6,1
2011-04-28,2011,4,28,3,0
2011-04-29,2011,4,29,4,0
2012-03-10,2012,3,10,5,1
2011-09-03,2011,9,3,5,1
2012-03-07,2012,3,7,2,0
2013-08-04,2013,8,4,6,1
2013-08-07,2013,8,7,2,0
2010-03-25,2010,3,25,3,0
2011-04-03,2011,4,3,6,1
2012-09-08,2012,9,8,5,1
2013-11-06,2013,11,6,2,0
2011-02-16,2011,2,16,2,0
2012-10-25,2012,10,25,3,0
2008-09-09,2008,9,9,1,0
2013-10-09,2013,10,9,2,0
2009-10-26,2009,10,26,0,0
2012-03-18,2012,3,18,6,1
2009-08-15,2009,8,15,5,1
2009-06-19,2009,6,19,4,0
2012-12-03,2012,12,3,0,0
2013-07-28,2013,7,28,6,1
2009-01-05,2009,1,5,0,0
2003-03-26,2003,3,26,2,0
2008-05-23,2008,5,23,4,0
2008-08-03,2008,8,3,6,1
2009-01-22,2009,1,22,3,0
2011-06-22,2011,6,22,2,0
2010-06-30,2010,6,30,2,0
2009-10-05,2009,10,5,0,0
2011-12-09,2011,12,9,4,0
2009-10-06,2009,10,6,1,0
2009-07-11,2009,7,11,5,1
2011-04-30,2011,4,30,5,1
2008-09-12,2008,9,12,4,0
2008-04-30,2008,4,30,2,0
2008-11-21,2008,11,21,4,0
2009-08-10,2009,8,10,0,0
2008-03-22,2008,3,22,5,1
2012-10-15,2012,10,15,0,0
2008-06-07,2008,6,7,5,1
2009-01-19,2009,1,19,0,0
2010-01-03,2010,1,3,6,1
2010-05-24,2010,5,24,0,0
2010-06-17,2010,6,17,3,0
2008-09-30,2008,9,30,1,0
2010-10-19,2010,10,19,1,0
2008-11-28,2008,11,28,4,0
2009-03-16,2009,3,16,0,0
2009-07-18,2009,7,18,5,1
2009-05-13,2009,5,13,2,0
2013-12-05,2013,12,5,3,0
2010-04-05,2010,4,5,0,0
2009-10-29,2009,10,29,3,0
2009-12-05,2009,12,5,5,1
2010-01-13,2010,1,13,2,0
2009-12-24,2009,12,24,3,0
2009-04-29,2009,4,29,2,0
2010-12-21,2010,12,21,1,0
2011-02-23,2011,2,23,2,0
2009-04-02,2009,4,2,3,0
2012-02-12,2012,2,12,6,1
2010-05-06,2010,5,6,3,0
2013-12-20,2013,12,20,4,0
2010-08-31,2010,8,31,1,0
2008-02-05,2008,2,5,1,0
2013-12-19,2013,12,19,3,0
2011-07-14,2011,7,14,3,0
2011-04-06,2011,4,6,2,0
2008-07-25,2008,7,25,4,0
2011-02-28,2011,2,28,0,0
2009-05-18,2009,5,18,0,0
2009-11-07,2009,11,7,5,1
2009-08-14,2009,8,14,4,0
2008-05-08,2008,5,8,3,0
2010-09-18,2010,9,18,5,1
2008-11-03,2008,11,3,0,0
2008-06-25,2008,6,25,2,0
2009-11-19,2009,11,19,3,0
2008-07-03,2008,7,3,3,0
2010-07-09,2010,7,9,4,0
2009-12-18,2009,12,18,4,0
2010-07-29,2010,7,29,3,0
2012-01-28,2012,1,28,5,1
2012-04-13,2012,4,13,4,0
2007-05-27,2007,5,27,6,1
2008-07-27,2008,7,27,6,1
2012-01-08,2012,1,8,6,1
2013-02-16,2013,2,16,5,1
2012-09-05,2012,9,5,2,0
2011-05-30,2011,5,30,0,0
2012-01-13,2012,1,13,4,0
2012-04-25,2012,4,25,2,0
2011-02-22,2011,2,22,1,0
2009-04-21,2009,4,21,1,0
2009-04-12,2009,4,12,6,1
2013-01-29,2013,1,29,1,0
2008-02-01,2008,2,1,4,0
2010-12-13,2010,12,13,0,0
2008-12-29,2008,12,29,0,0
2008-08-26,2008,8,26,1,0
2011-01-13,2011,1,13,3,0
2011-04-05,2011,4,5,1,0
2008-10-19,2008,10,19,6,1
2012-05-20,2012,5,20,6,1
2006-10-27,2006,10,27,4,0
2013-03-03,2013,3,3,6,1
2013-12-09,2013,12,9,0,0
2006-01-18,2006,1,18,2,0
2011-02-09,2011,2,9,2,0
2010-10-26,2010,10,26,1,0
2009-11-22,2009,11,22,6,1
2010-02-18,2010,2,18,3,0
2008-08-18,2008,8,18,0,0
2008-09-02,2008,9,2,1,0
2008-09-23,2008,9,23,1,0
2009-08-26,2009,8,26,2,0
2009-03-27,2009,3,27,4,0
2008-12-15,2008,12,15,0,0
2010-03-22,2010,3,22,0,0
2012-05-01,2012,5,1,1,0
2011-03-01,2011,3,1,1,0
2012-01-15,2012,1,15,6,1
2011-02-25,2011,2,25,4,0
2010-06-16,2010,6,16,2,0
2009-11-17,2009,11,17,1,0
2013-09-21,2013,9,21,5,1
2013-08-10,2013,8,10,5,1
2011-07-18,2011,7,18,0,0
2011-03-28,2011,3,28,0,0
2013-05-26,2013,5,26,6,1
2010-09-20,2010,9,20,0,0
2013-11-01,2013,11,1,4,0
2008-05-10,2008,5,10,5,1
2010-07-12,2010,7,12,0,0
2010-06-26,2010,6,26,5,1
2012-01-29,2012,1,29,6,1
2011-06-08,2011,6,8,2,0
2011-06-10,2011,6,10,4,0
2011-12-04,2011,12,4,6,1
2011-05-18,2011,5,18,2,0
2010-09-06,2010,9,6,0,0
2009-11-30,2009,11,30,0,0
2009-01-10,2009,1,10,5,1
2003-05-28,2003,5,28,2,0
2008-03-25,2008,3,25,1,0
2009-09-21,2009,9,21,0,0
2005-10-03,2005,10,3,0,0
2010-04-12,2010,4,12,0,0
2008-07-04,2008,7,4,4,0
2008-11-14,2008,11,14,4,0
2007-06-22,2007,6,22,4,0
2010-09-15,2010,9,15,2,0
2008-03-18,2008,3,18,1,0
2011-07-03,2011,7,3,6,1
2010-02-15,2010,2,15,0,0
2012-11-24,2012,11,24,5,1
2011-10-15,2011,10,15,5,1
2011-05-14,2011,5,14,5,1
2010-03-21,2010,3,21,6,1
2012-02-11,2012,2,11,5,1
2009-10-30,2009,10,30,4,0
2011-12-25,2011,12,25,6,1
2013-10-01,2013,10,1,1,0
2012-02-01,2012,2,1,2,0
2013-08-31,2013,8,31,5,1
2012-06-29,2012,6,29,4,0
2014-01-08,2014,1,8,2,0
2009-06-14,2009,6,14,6,1
2012-10-14,2012,10,14,6,1
2011-03-20,2011,3,20,6,1
2012-10-07,2012,10,7,6,1
2013-02-15,2013,2,15,4,0
2012-08-28,2012,8,28,1,0
2010-10-31,2010,10,31,6,1
2010-07-06,2010,7,6,1,0
2009-05-24,2009,5,24,6,1
2009-07-30,2009,7,30,3,0
2010-03-05,2010,3,5,4,0
2011-03-13,2011,3,13,6,1
2011-07-08,2011,7,8,4,0
2010-02-06,2010,2,6,5,1
2010-07-20,2010,7,20,1,0
2009-09-27,2009,9,27,6,1
2011-08-17,2011,8,17,2,0
2010-10-28,2010,10,28,3,0
2011-03-14,2011,3,14,0,0
2010-02-04,2010,2,4,3,0
2010-07-01,2010,7,1,3,0
2006-03-31,2006,3,31,4,0
2012-02-19,2012,2,19,6,1
2010-08-14,2010,8,14,5,1
2011-09-09,2011,9,9,4,0
2009-08-07,2009,8,7,4,0
2011-11-16,2011,11,16,2,0
2010-03-12,2010,3,12,4,0
2010-04-30,2010,4,30,4,0
2008-12-22,2008,12,22,0,0
2009-07-31,2009,7,31,4,0
2013-06-16,2013,6,16,6,1
2012-01-26,2012,1,26,3,0
2009-08-12,2009,8,12,2,0
2008-12-23,2008,12,23,1,0
2006-03-18,2006,3,18,5,1
2009-02-06,2009,2,6,4,0
2008-03-24,2008,3,24,0,0
2009-03-02,2009,3,2,0,0
2011-01-08,2011,1,8,5,1
2011-01-25,2011,1,25,1,0
2009-01-08,2009,1,8,3,0
2011-09-01,2011,9,1,3,0
2008-10-28,2008,10,28,1,0
2008-04-24,2008,4,24,3,0
2011-11-05,2011,11,5,5,1
2009-05-23,2009,5,23,5,1
2011-09-18,2011,9,18,6,1
2008-11-15,2008,11,15,5,1
2009-03-17,2009,3,17,1,0
2008-09-03,2008,9,3,2,0
2009-03-25,2009,3,25,2,0
2010-01-19,2010,1,19,1,0
2013-09-30,2013,9,30,0,0
2008-02-10,2008,2,10,6,1
2010-03-20,2010,3,20,5,1
2010-03-08,2010,3,8,0,0
2010-09-10,2010,9,10,4,0
2009-08-19,2009,8,19,2,0
2014-01-07,2014,1,7,1,0
2010-03-16,2010,3,16,1,0
2010-09-24,2010,9,24,4,0
2012-12-12,2012,12,12,2,0
2010-06-06,2010,6,6,6,1
2011-03-05,2011,3,5,5,1
2010-05-10,2010,5,10,0,0
2012-04-29,2012,4,29,6,1
2010-08-03,2010,8,3,1,0
2008-06-30,2008,6,30,0,0
2009-07-09,2009,7,9,3,0
2009-10-03,2009,10,3,5,1
2008-04-04,2008,4,4,4,0
2012-12-22,2012,12,22,5,1
2008-07-31,2008,7,31,3,0
2009-09-03,2009,9,3,3,0
2011-04-12,2011,4,12,1,0
2008-02-09,2008,2,9,5,1
2008-08-07,2008,8,7,3,0
2009-06-25,2009,6,25,3,0
2011-01-01,2011,1,1,5,1
2008-09-06,2008,9,6,5,1
2009-06-28,2009,6,28,6,1
2008-01-31,2008,1,31,3,0
2010-03-09,2010,3,9,1,0
2012-02-09,2012,2,9,3,0
2011-07-22,2011,7,22,4,0
2010-08-06,2010,8,6,4,0
2010-05-21,2010,5,21,4,0
2012-08-22,2012,8,22,2,0
2007-01-19,2007,1,19,4,0
2012-01-25,2012,1,25,2,0
2009-08-28,2009,8,28,4,0
2010-05-27,2010,5,27,3,0
2008-04-26,2008,4,26,5,1
2008-08-11,2008,8,11,0,0
2011-11-20,2011,11,20,6,1
2009-10-20,2009,10,20,1,0
2010-06-10,2010,6,10,3,0
2009-06-16,2009,6,16,1,0
2013-01-03,2013,1,3,3,0
2008-04-08,2008,4,8,1,0
2012-02-03,2012,2,3,4,0
2009-01-12,2009,1,12,0,0
2010-11-08,2010,11,8,0,0
2008-07-19,2008,7,19,5,1
2010-01-04,2010,1,4,0,0
2013-12-28,2013,12,28,5,1
2011-05-26,2011,5,26,3,0
2013-12-01,2013,12,1,6,1
2008-12-07,2008,12,7,6,1
2009-01-30,2009,1,30,4,0
2010-12-08,2010,12,8,2,0
2009-06-04,2009,6,4,3,0
2010-10-05,2010,10,5,1,0
2009-07-06,2009,7,6,0,0
2012-10-19,2012,10,19,4,0
2008-08-15,2008,8,15,4,0
2011-04-02,2011,4,2,5,1
2009-07-07,2009,7,7,1,0
2010-09-03,2010,9,3,4,0
2009-01-20,2009,1,20,1,0
2012-05-15,2012,5,15,1,0
2006-07-26,2006,7,26,2,0
2009-11-03,2009,11,3,1,0
2008-11-20,2008,11,20,3,0
2011-06-02,2011,6,2,3,0
2010-01-24,2010,1,24,6,1
2010-10-11,2010,10,11,0,0
2011-11-18,2011,11,18,4,0
2010-09-17,2010,9,17,4,0
2010-08-21,2010,8,21,5,1
2011-02-05,2011,2,5,5,1
2008-12-17,2008,12,17,2,0
2009-05-31,2009,5,31,6,1
2012-11-09,2012,11,9,4,0
2013-12-07,2013,12,7,5,1
2009-03-30,2009,3,30,0,0
2009-12-17,2009,12,17,3,0
2008-12-01,2008,12,1,0,0
2013-07-14,2013,7,14,6,1
2011-06-19,2011,6,19,6,1
2004-08-28,2004,8,28,5,1
2010-10-02,2010,10,2,5,1
2007-11-26,2007,11,26,0,0
2008-12-16,2008,12,16,1,0
2009-02-09,2009,2,9,0,0
2009-02-24,2009,2,24,1,0
2009-09-10,2009,9,10,3,0
2008-12-26,2008,12,26,4,0
2008-01-11,2008,1,11,4,0
2008-12-03,2008,12,3,2,0
2009-12-04,2009,12,4,4,0
2009-05-15,2009,5,15,4,0
2010-03-29,2010,3,29,0,0
2010-12-11,2010,12,11,5,1
2009-02-10,2009,2,10,1,0
2009-09-05,2009,9,5,5,1
2008-05-28,2008,5,28,2,0
2010-10-23,2010,10,23,5,1
2013-12-24,2013,12,24,1,0
2008-08-31,2008,8,31,6,1
2009-09-12,2009,9,12,5,1
2010-12-07,2010,12,7,1,0
2008-02-22,2008,2,22,4,0
2010-05-09,2010,5,9,6,1
2010-05-26,2010,5,26,2,0
2009-12-21,2009,12,21,0,0
2008-05-09,2008,5,9,4,0
2008-04-27,2008,4,27,6,1
2010-04-01,2010,4,1,3,0
2011-05-06,2011,5,6,4,0
2009-11-18,2009,11,18,2,0
2012-10-02,2012,10,2,1,0
2009-05-26,2009,5,26,1,0
2008-10-17,2008,10,17,4,0
2008-05-26,2008,5,26,0,0
2009-12-15,2009,12,15,1,0
2012-04-23,2012,4,23,0,0
2011-05-15,2011,5,15,6,1
2008-12-08,2008,12,8,0,0
2008-06-15,2008,6,15,6,1
2009-02-26,2009,2,26,3,0
2009-06-30,2009,6,30,1,0
2009-07-21,2009,7,21,1,0
2009-07-15,2009,7,15,2,0
2008-12-21,2008,12,21,6,1
2010-05-16,2010,5,16,6,1
2009-08-17,2009,8,17,0,0
2009-06-20,2009,6,20,5,1
2013-02-14,2013,2,14,3,0
2009-10-07,2009,10,7,2,0
2008-08-14,2008,8,14,3,0
2010-12-12,2010,12,12,6,1
2012-11-08,2012,11,8,3,0
2010-12-06,2010,12,6,0,0
2010-10-21,2010,10,21,3,0
2008-10-23,2008,10,23,3,0
2010-06-04,2010,6,4,4,0
2010-03-11,2010,3,11,3,0
2011-05-01,2011,5,1,6,1
2011-05-03,2011,5,3,1,0
2008-06-06,2008,6,6,4,0
2011-07-31,2011,7,31,6,1
2011-07-30,2011,7,30,5,1
2007-06-12,2007,6,12,1,0
2009-01-29,2009,1,29,3,0
2007-10-10,2007,10,10,2,0
2007-12-24,2007,12,24,0,0
2011-06-28,2011,6,28,1,0
2010-04-23,2010,4,23,4,0
2009-03-01,2009,3,1,6,1
2011-06-23,2011,6,23,3,0
2012-10-13,2012,10,13,5,1
2008-11-09,2008,11,9,6,1
2008-12-18,2008,12,18,3,0
2009-03-14,2009,3,14,5,1
2011-01-09,2011,1,9,6,1
2008-01-03,2008,1,3,3,0
2008-03-15,2008,3,15,5,1
2009-09-16,2009,9,16,2,0
2008-06-29,2008,6,29,6,1
2010-04-03,2010,4,3,5,1
2009-12-01,2009,12,1,1,0
2008-11-19,2008,11,19,2,0
2009-05-29,2009,5,29,4,0
2013-02-08,2013,2,8,4,0
2008-08-25,2008,8,25,0,0
2010-02-05,2010,2,5,4,0
2010-11-09,2010,11,9,1,0
2009-05-21,2009,5,21,3,0
2008-11-17,2008,11,17,0,0
2010-12-18,2010,12,18,5,1
2009-07-26,2009,7,26,6,1
2008-02-28,2008,2,28,3,0
2010-05-18,2010,5,18,1,0
2011-02-19,2011,2,19,5,1
2011-06-04,2011,6,4,5,1
2008-10-04,2008,10,4,5,1
2010-11-23,2010,11,23,1,0
2010-06-19,2010,6,19,5,1
2010-04-26,2010,4,26,0,0
2009-01-27,2009,1,27,1,0
2009-12-08,2009,12,8,1,0
2008-05-04,2008,5,4,6,1
2002-12-13,2002,12,13,4,0
2007-10-22,2007,10,22,0,0
2010-02-20,2010,2,20,5,1
2007-09-12,2007,9,12,2,0
2007-10-16,2007,10,16,1,0
2008-09-29,2008,9,29,0,0
2010-07-04,2010,7,4,6,1
2010-08-19,2010,8,19,3,0
2009-10-19,2009,10,19,0,0
2009-05-27,2009,5,27,2,0
2009-03-29,2009,3,29,6,1
2007-06-26,2007,6,26,1,0
2008-09-27,2008,9,27,5,1
2010-01-29,2010,1,29,4,0
2013-11-30,2013,11,30,5,1
2006-09-15,2006,9,15,4,0
2008-06-20,2008,6,20,4,0
2008-08-16,2008,8,16,5,1
2013-03-24,2013,3,24,6,1
2010-06-23,2010,6,23,2,0
2009-06-26,2009,6,26,4,0
2010-11-29,2010,11,29,0,0
2008-05-31,2008,5,31,5,1
2008-09-11,2008,9,11,3,0
2011-04-18,2011,4,18,0,0
2009-09-28,2009,9,28,0,0
2008-12-10,2008,12,10,2,0
2008-12-30,2008,12,30,1,0
2009-08-25,2009,8,25,1,0
2010-05-01,2010,5,1,5,1
2009-12-16,2009,12,16,2,0
2010-03-30,2010,3,30,1,0
2010-10-30,2010,10,30,5,1
2010-06-11,2010,6,11,4,0
2010-10-17,2010,10,17,6,1
2010-05-28,2010,5,28,4,0
2008-01-24,2008,1,24,3,0
2010-09-22,2010,9,22,2,0
2007-07-25,2007,7,25,2,0
2008-12-06,2008,12,6,5,1
2010-06-18,2010,6,18,4,0
2009-10-28,2009,10,28,2,0
2008-08-19,2008,8,19,1,0
2001-07-16,2001,7,16,0,0
2009-08-03,2009,8,3,0,0
2005-09-10,2005,9,10,5,1
2008-10-02,2008,10,2,3,0
2008-08-05,2008,8,5,1,0
2009-04-22,2009,4,22,2,0
2009-07-14,2009,7,14,1,0
2009-02-03,2009,2,3,1,0
2009-12-07,2009,12,7,0,0
2007-08-04,2007,8,4,5,1
2008-02-04,2008,2,4,0,0
2008-02-27,2008,2,27,2,0
2009-03-26,2009,3,26,3,0
2007-12-04,2007,12,4,1,0
2009-12-25,2009,12,25,4,0
2008-08-24,2008,8,24,6,1
2007-11-29,2007,11,29,3,0
2010-02-03,2010,2,3,2,0
2009-04-04,2009,4,4,5,1
2010-03-06,2010,3,6,5,1
2010-09-12,2010,9,12,6,1
2008-08-27,2008,8,27,2,0
2009-10-31,2009,10,31,5,1
2008-07-01,2008,7,1,1,0
2013-12-27,2013,12,27,4,0
2009-03-21,2009,3,21,5,1
2009-02-18,2009,2,18,2,0
2009-05-02,2009,5,2,5,1
2011-06-05,2011,6,5,6,1
2009-10-02,2009,10,2,4,0
2008-10-24,2008,10,24,4,0
2010-06-29,2010,6,29,1,0
2008-10-05,2008,10,5,6,1
2010-07-18,2010,7,18,6,1
2010-08-26,2010,8,26,3,0
2009-05-30,2009,5,30,5,1
2011-01-20,2011,1,20,3,0
2011-09-11,2011,9,11,6,1
2009-01-07,2009,1,7,2,0
2008-01-18,2008,1,18,4,0
2011-08-09,2011,8,9,1,0
2009-04-14,2009,4,14,1,0
2010-05-08,2010,5,8,5,1
2007-05-01,2007,5,1,1,0
2007-05-22,2007,5,22,1,0
2009-08-21,2009,8,21,4,0
2009-04-07,2009,4,7,1,0
2010-08-13,2010,8,13,4,0
2006-08-18,2006,8,18,4,0
2009-09-26,2009,9,26,5,1
2008-01-05,2008,1,5,5,1
2005-07-09,2005,7,9,5,1
2008-04-19,2008,4,19,5,1
2007-12-17,2007,12,17,0,0
2008-02-11,2008,2,11,0,0
2008-05-22,2008,5,22,3,0
2008-03-27,2008,3,27,3,0
2011-03-27,2011,3,27,6,1
2008-07-07,2008,7,7,0,0
2008-12-13,2008,12,13,5,1
2008-10-09,2008,10,9,3,0
2009-08-22,2009,8,22,5,1
2010-05-05,2010,5,5,2,0
2010-07-22,2010,7,22,3,0
2008-12-14,2008,12,14,6,1
2010-10-24,2010,10,24,6,1
2009-12-22,2009,12,22,1,0
2009-01-04,2009,1,4,6,1
2011-08-14,2011,8,14,6,1
2010-01-05,2010,1,5,1,0
2004-07-25,2004,7,25,6,1
2011-02-20,2011,2,20,6,1
2010-07-07,2010,7,7,2,0
2010-11-26,2010,11,26,4,0
2011-05-20,2011,5,20,4,0
2009-06-17,2009,6,17,2,0
2008-07-12,2008,7,12,5,1
2011-10-03,2011,10,3,0,0
2011-11-25,2011,11,25,4,0
2010-02-25,2010,2,25,3,0
2012-07-09,2012,7,9,0,0
2009-03-12,2009,3,12,3,0
2011-02-06,2011,2,6,6,1
2009-10-21,2009,10,21,2,0
2004-07-15,2004,7,15,3,0
2007-10-29,2007,10,29,0,0
2010-01-16,2010,1,16,5,1
2009-01-17,2009,1,17,5,1
2009-07-10,2009,7,10,4,0
2009-09-19,2009,9,19,5,1
2008-07-23,2008,7,23,2,0
2010-03-27,2010,3,27,5,1
2011-01-28,2011,1,28,4,0
2009-06-22,2009,6,22,0,0
2010-01-09,2010,1,9,5,1
2011-04-10,2011,4,10,6,1
2010-08-27,2010,8,27,4,0
2010-05-30,2010,5,30,6,1
2010-02-21,2010,2,21,6,1
2010-12-29,2010,12,29,2,0
2010-06-01,2010,6,1,1,0
2009-09-06,2009,9,6,6,1
2008-03-16,2008,3,16,6,1
2008-03-26,2008,3,26,2,0
2011-08-05,2011,8,5,4,0
2008-06-22,2008,6,22,6,1
2009-08-04,2009,8,4,1,0
2009-04-06,2009,4,6,0,0
2011-07-11,2011,7,11,0,0
2009-04-19,2009,4,19,6,1
2008-09-17,2008,9,17,2,0
2008-08-21,2008,8,21,3,0
2009-03-24,2009,3,24,1,0
2009-12-20,2009,12,20,6,1
2011-02-08,2011,2,8,1,0
2009-01-14,2009,1,14,2,0
2010-11-06,2010,11,6,5,1
2008-04-02,2008,4,2,2,0
2008-12-24,2008,12,24,2,0
2008-03-06,2008,3,6,3,0
2009-12-23,2009,12,23,2,0
2008-02-12,2008,2,12,1,0
2008-05-20,2008,5,20,1,0
2011-05-07,2011,5,7,5,1
2009-02-14,2009,2,14,5,1
2008-09-15,2008,9,15,0,0
2009-12-06,2009,12,6,6,1
2009-01-01,2009,1,1,3,0
2009-06-18,2009,6,18,3,0
2008-09-04,2008,9,4,3,0
2003-06-13,2003,6,13,4,0
2005-07-23,2005,7,23,5,1
2007-11-16,2007,11,16,4,0
2005-04-18,2005,4,18,0,0
2005-07-07,2005,7,7,3,0
2010-11-14,2010,11,14,6,1
2008-12-04,2008,12,4,3,0
2008-07-21,2008,7,21,0,0
2009-03-11,2009,3,11,2,0
2010-08-23,2010,8,23,0,0
2009-12-11,2009,12,11,4,0
2008-07-22,2008,7,22,1,0
2008-03-29,2008,3,29,5,1
2007-09-27,2007,9,27,3,0
2007-10-08,2007,10,8,0,0
2008-10-08,2008,10,8,2,0
2010-08-25,2010,8,25,2,0
2010-01-07,2010,1,7,3,0
2010-11-13,2010,11,13,5,1
2008-12-25,2008,12,25,3,0
2008-07-08,2008,7,8,1,0
2011-06-12,2011,6,12,6,1
2010-05-17,2010,5,17,0,0
2008-09-10,2008,9,10,2,0
2010-09-01,2010,9,1,2,0
2011-08-27,2011,8,27,5,1
2009-10-11,2009,10,11,6,1
2005-09-17,2005,9,17,5,1
2012-01-23,2012,1,23,0,0
2011-02-27,2011,2,27,6,1
2009-01-13,2009,1,13,1,0
2009-03-06,2009,3,6,4,0
2010-01-22,2010,1,22,4,0
2010-02-07,2010,2,7,6,1
2011-01-03,2011,1,3,0,0
2009-01-09,2009,1,9,4,0
2008-09-24,2008,9,24,2,0
2011-05-02,2011,5,2,0,0
2010-01-15,2010,1,15,4,0
2011-07-16,2011,7,16,5,1
2007-10-25,2007,10,25,3,0
2012-11-25,2012,11,25,6,1
2010-05-03,2010,5,3,0,0
2009-07-16,2009,7,16,3,0
2008-03-10,2008,3,10,0,0
2009-05-20,2009,5,20,2,0
2009-01-18,2009,1,18,6,1
2009-12-13,2009,12,13,6,1
2010-02-28,2010,2,28,6,1
2007-10-13,2007,10,13,5,1
2009-03-04,2009,3,4,2,0
2010-06-27,2010,6,27,6,1
2007-12-25,2007,12,25,1,0
2009-02-02,2009,2,2,0,0
2011-06-11,2011,6,11,5,1
2010-02-22,2010,2,22,0,0
2013-02-09,2013,2,9,5,1
2009-10-23,2009,10,23,4,0
2009-02-08,2009,2,8,6,1
2005-07-20,2005,7,20,2,0
2008-01-23,2008,1,23,2,0
2008-04-28,2008,4,28,0,0
2007-07-24,2007,7,24,1,0
2008-12-28,2008,12,28,6,1
2009-08-30,2009,8,30,6,1
2007-10-15,2007,10,15,0,0
2007-12-30,2007,12,30,6,1
2007-06-29,2007,6,29,4,0
2010-08-09,2010,8,9,0,0
2006-03-19,2006,3,19,6,1
2008-11-18,2008,11,18,1,0
2010-11-16,2010,11,16,1,0
2010-04-02,2010,4,2,4,0
2009-08-08,2009,8,8,5,1
2005-01-07,2005,1,7,4,0
2010-07-31,2010,7,31,5,1
2008-09-25,2008,9,25,3,0
2008-01-02,2008,1,2,2,0
2008-05-15,2008,5,15,3,0
2010-05-04,2010,5,4,1,0
2006-03-07,2006,3,7,1,0
2011-11-10,2011,11,10,3,0
2006-07-14,2006,7,14,4,0
2008-09-20,2008,9,20,5,1
2010-09-30,2010,9,30,3,0
2014-01-02,2014,1,2,3,0
2010-01-30,2010,1,30,5,1
2008-06-18,2008,6,18,2,0
2010-01-21,2010,1,21,3,0
2010-07-02,2010,7,2,4,0
2010-04-18,2010,4,18,6,1
2005-12-06,2005,12,6,1,0
2010-08-04,2010,8,4,2,0
2006-11-14,2006,11,14,1,0
2009-04-05,2009,4,5,6,1
2009-04-11,2009,4,11,5,1
2007-08-25,2007,8,25,5,1
2008-07-13,2008,7,13,6,1
2009-08-31,2009,8,31,0,0
2008-11-22,2008,11,22,5,1
2010-08-08,2010,8,8,6,1
2007-06-13,2007,6,13,2,0
2009-08-23,2009,8,23,6,1
2009-09-01,2009,9,1,1,0
2010-03-28,2010,3,28,6,1
2005-06-03,2005,6,3,4,0
2008-05-13,2008,5,13,1,0
2007-11-03,2007,11,3,5,1
2011-05-21,2011,5,21,5,1
2011-01-22,2011,1,22,5,1
2008-10-29,2008,10,29,2,0
2003-06-08,2003,6,8,6,1
2008-10-13,2008,10,13,0,0
2008-01-28,2008,1,28,0,0
2008-03-31,2008,3,31,0,0
2008-04-03,2008,4,3,3,0
2010-07-17,2010,7,17,5,1
2013-10-23,2013,10,23,2,0
2011-04-24,2011,4,24,6,1
2009-02-27,2009,2,27,4,0
2003-12-18,2003,12,18,3,0
2004-01-04,2004,1,4,6,1
2004-03-27,2004,3,27,5,1
2010-09-11,2010,9,11,5,1
2011-04-23,2011,4,23,5,1
2010-04-24,2010,4,24,5,1
2010-10-08,2010,10,8,4,0
2008-08-01,2008,8,1,4,0
2009-08-09,2009,8,9,6,1
2007-09-29,2007,9,29,5,1
2009-02-23,2009,2,23,0,0
2009-03-05,2009,3,5,3,0
2005-09-03,2005,9,3,5,1
2007-11-21,2007,11,21,2,0
2010-02-19,2010,2,19,4,0
2008-04-06,2008,4,6,6,1
2008-06-09,2008,6,9,0,0
2005-12-15,2005,12,15,3,0
2006-01-11,2006,1,11,2,0
2005-06-01,2005,6,1,2,0
2008-06-23,2008,6,23,0,0
2010-08-22,2010,8,22,6,1
2007-06-02,2007,6,2,5,1
2007-07-23,2007,7,23,0,0
2008-12-05,2008,12,5,4,0
2008-10-01,2008,10,1,2,0
2004-03-13,2004,3,13,5,1
2008-06-12,2008,6,12,3,0
2008-04-15,2008,4,15,1,0
2005-05-03,2005,5,3,1,0
2008-04-01,2008,4,1,1,0
2004-12-09,2004,12,9,3,0
2009-09-13,2009,9,13,6,1
2014-01-06,2014,1,6,0,0
2005-11-26,2005,11,26,5,1
2009-03-18,2009,3,18,2,0
2008-06-26,2008,6,26,3,0
2008-10-26,2008,10,26,6,1
2010-11-19,2010,11,19,4,0
2008-09-26,2008,9,26,4,0
2008-05-30,2008,5,30,4,0
2007-10-31,2007,10,31,2,0
2009-07-29,2009,7,29,2,0
2007-08-03,2007,8,3,4,0
2003-07-23,2003,7,23,2,0
2009-02-01,2009,2,1,6,1
2009-07-04,2009,7,4,5,1
2008-05-21,2008,5,21,2,0
2010-04-28,2010,4,28,2,0
2009-10-22,2009,10,22,3,0
2010-06-09,2010,6,9,2,0
2006-05-30,2006,5,30,1,0
2006-02-13,2006,2,13,0,0
2006-01-22,2006,1,22,6,1
2005-01-06,2005,1,6,3,0
2010-05-25,2010,5,25,1,0
2005-04-22,2005,4,22,4,0
2009-08-01,2009,8,1,5,1
2008-11-16,2008,11,16,6,1
2007-03-12,2007,3,12,0,0
2008-08-29,2008,8,29,4,0
2010-10-10,2010,10,10,6,1
2007-10-28,2007,10,28,6,1
2010-06-02,2010,6,2,2,0
2010-01-12,2010,1,12,1,0
2012-12-01,2012,12,1,5,1
2009-02-16,2009,2,16,0,0
2010-01-11,2010,1,11,0,0
2010-06-05,2010,6,5,5,1
2008-05-24,2008,5,24,5,1
2008-01-14,2008,1,14,0,0
2007-11-18,2007,11,18,6,1
2008-01-26,2008,1,26,5,1
2007-02-02,2007,2,2,4,0
2009-07-23,2009,7,23,3,0
2011-01-24,2011,1,24,0,0
2009-06-24,2009,6,24,2,0
2008-08-22,2008,8,22,4,0
2006-09-08,2006,9,8,4,0
2009-01-02,2009,1,2,4,0
2010-01-17,2010,1,17,6,1
2009-06-27,2009,6,27,5,1
2007-10-21,2007,10,21,6,1
2009-04-23,2009,4,23,3,0
2009-05-16,2009,5,16,5,1
2009-01-31,2009,1,31,5,1
2008-02-16,2008,2,16,5,1
2011-04-09,2011,4,9,5,1
2008-06-11,2008,6,11,2,0
2008-04-16,2008,4,16,2,0
2008-10-31,2008,10,31,4,0
2008-10-03,2008,10,3,4,0
2008-07-14,2008,7,14,0,0
2010-02-17,2010,2,17,2,0
2007-12-18,2007,12,18,1,0
2007-07-06,2007,7,6,4,0
2009-12-10,2009,12,10,3,0
2010-08-29,2010,8,29,6,1
2010-01-14,2010,1,14,3,0
2009-06-09,2009,6,9,1,0
2009-07-17,2009,7,17,4,0
2010-04-29,2010,4,29,3,0
2008-05-11,2008,5,11,6,1
2009-03-20,2009,3,20,4,0
2008-07-24,2008,7,24,3,0
2008-10-07,2008,10,7,1,0
2008-07-26,2008,7,26,5,1
2007-10-04,2007,10,4,3,0
2008-01-27,2008,1,27,6,1
2010-04-27,2010,4,27,1,0
2008-05-02,2008,5,2,4,0
2008-04-29,2008,4,29,1,0
2010-01-31,2010,1,31,6,1
2007-11-22,2007,11,22,3,0
2010-04-19,2010,4,19,0,0
2009-08-06,2009,8,6,3,0
2007-12-26,2007,12,26,2,0
2009-02-13,2009,2,13,4,0
2009-12-02,2009,12,2,2,0
2008-11-10,2008,11,10,0,0
2008-09-14,2008,9,14,6,1
2005-03-10,2005,3,10,3,0
2010-02-10,2010,2,10,2,0
2007-07-22,2007,7,22,6,1
2010-09-05,2010,9,5,6,1
2008-01-19,2008,1,19,5,1
2008-12-20,2008,12,20,5,1
2006-06-20,2006,6,20,1,0
2007-08-02,2007,8,2,3,0
2010-08-05,2010,8,5,3,0
2007-08-28,2007,8,28,1,0
2008-04-09,2008,4,9,2,0
2008-04-10,2008,4,10,3,0
2009-05-01,2009,5,1,4,0
2009-05-03,2009,5,3,6,1
2009-03-08,2009,3,8,6,1
2011-08-02,2011,8,2,1,0
2008-05-03,2008,5,3,5,1
2009-02-20,2009,2,20,4,0
2006-09-27,2006,9,27,2,0
2008-09-08,2008,9,8,0,0
2009-09-04,2009,9,4,4,0
2002-11-07,2002,11,7,3,0
2008-10-25,2008,10,25,5,1
2007-10-23,2007,10,23,1,0
2007-12-22,2007,12,22,5,1
2008-08-23,2008,8,23,5,1
2007-08-05,2007,8,5,6,1
2010-07-11,2010,7,11,6,1
2010-02-09,2010,2,9,1,0
2008-03-07,2008,3,7,4,0
2007-06-18,2007,6,18,0,0
2005-04-25,2005,4,25,0,0
2008-01-20,2008,1,20,6,1
2007-12-15,2007,12,15,5,1
2009-12-12,2009,12,12,5,1
2008-08-10,2008,8,10,6,1
2010-05-22,2010,5,22,5,1
2008-02-15,2008,2,15,4,0
2007-08-21,2007,8,21,1,0
2007-11-08,2007,11,8,3,0
2008-06-16,2008,6,16,0,0
2014-01-05,2014,1,5,6,1
2007-11-04,2007,11,4,6,1
2002-02-08,2002,2,8,4,0
2008-01-01,2008,1,1,1,0
2008-06-21,2008,6,21,5,1
2008-12-02,2008,12,2,1,0
2010-03-26,2010,3,26,4,0
2008-05-06,2008,5,6,1,0
2007-12-11,2007,12,11,1,0
2008-07-29,2008,7,29,1,0
2009-07-12,2009,7,12,6,1
2008-05-14,2008,5,14,2,0
2010-07-26,2010,7,26,0,0
2008-12-31,2008,12,31,2,0
2008-05-07,2008,5,7,2,0
2008-03-12,2008,3,12,2,0
2010-09-26,2010,9,26,6,1
2008-10-10,2008,10,10,4,0
2008-10-12,2008,10,12,6,1
2006-11-10,2006,11,10,4,0
2008-02-17,2008,2,17,6,1
2005-07-04,2005,7,4,0,0
2004-08-06,2004,8,6,4,0
2007-07-27,2007,7,27,4,0
2007-12-19,2007,12,19,2,0
2007-07-01,2007,7,1,6,1
2008-01-22,2008,1,22,1,0
2008-11-02,2008,11,2,6,1
2007-07-04,2007,7,4,2,0
2007-08-14,2007,8,14,1,0
2008-12-09,2008,12,9,1,0
2008-02-13,2008,2,13,2,0
2003-02-07,2003,2,7,4,0
2010-05-29,2010,5,29,5,1
2007-04-19,2007,4,19,3,0
2003-08-18,2003,8,18,0,0
2004-02-29,2004,2,29,6,1
2008-03-04,2008,3,4,1,0
2010-05-19,2010,5,19,2,0
2006-03-25,2006,3,25,5,1
2003-08-01,2003,8,1,4,0
2003-11-27,2003,11,27,3,0
2008-04-11,2008,4,11,4,0
2007-06-20,2007,6,20,2,0
2003-05-26,2003,5,26,0,0
2007-05-25,2007,5,25,4,0
2007-08-22,2007,8,22,2,0
2006-09-22,2006,9,22,4,0
2005-07-31,2005,7,31,6,1
2007-11-02,2007,11,2,4,0
2007-11-11,2007,11,11,6,1
2008-02-26,2008,2,26,1,0
2008-04-05,2008,4,5,5,1
2009-01-26,2009,1,26,0,0
2007-11-10,2007,11,10,5,1
2007-08-09,2007,8,9,3,0
2011-02-07,2011,2,7,0,0
2006-10-07,2006,10,7,5,1
2007-09-02,2007,9,2,6,1
2006-12-10,2006,12,10,6,1
2007-11-25,2007,11,25,6,1
2007-09-14,2007,9,14,4,0
2008-07-15,2008,7,15,1,0
2007-07-31,2007,7,31,1,0
2008-04-20,2008,4,20,6,1
2007-01-07,2007,1,7,6,1
2008-03-13,2008,3,13,3,0
2008-10-16,2008,10,16,3,0
2008-03-02,2008,3,2,6,1
2008-01-09,2008,1,9,2,0
2007-12-28,2007,12,28,4,0
2005-02-03,2005,2,3,3,0
2002-03-27,2002,3,27,2,0
2002-08-16,2002,8,16,4,0
2010-01-08,2010,1,8,4,0
2007-07-07,2007,7,7,5,1
2007-07-29,2007,7,29,6,1
2007-08-20,2007,8,20,0,0
2007-12-21,2007,12,21,4,0
2008-10-11,2008,10,11,5,1
2007-11-30,2007,11,30,4,0
2007-08-23,2007,8,23,3,0
2007-11-05,2007,11,5,0,0
2008-05-12,2008,5,12,0,0
2008-07-05,2008,7,5,5,1
2007-12-29,2007,12,29,5,1
2009-01-23,2009,1,23,4,0
2007-05-17,2007,5,17,3,0
2006-12-12,2006,12,12,1,0
2006-11-29,2006,11,29,2,0
2007-07-21,2007,7,21,5,1
2008-01-10,2008,1,10,3,0
2007-12-01,2007,12,1,5,1
2008-03-03,2008,3,3,0,0
2008-09-18,2008,9,18,3,0
2008-09-22,2008,9,22,0,0
2006-02-09,2006,2,9,3,0
2008-07-11,2008,7,11,4,0
2008-01-15,2008,1,15,1,0
2009-02-22,2009,2,22,6,1
2008-03-11,2008,3,11,1,0
2003-06-14,2003,6,14,5,1
2006-09-10,2006,9,10,6,1
2007-07-02,2007,7,2,0,0
2007-08-29,2007,8,29,2,0
2007-08-15,2007,8,15,2,0
2007-01-31,2007,1,31,2,0
2009-09-24,2009,9,24,3,0
2008-01-29,2008,1,29,1,0
2008-01-06,2008,1,6,6,1
2007-02-09,2007,2,9,4,0
2007-05-05,2007,5,5,5,1
2003-02-22,2003,2,22,5,1
2007-01-06,2007,1,6,5,1
2008-02-07,2008,2,7,3,0
2007-12-16,2007,12,16,6,1
2004-02-25,2004,2,25,2,0
2007-11-15,2007,11,15,3,0
2007-08-12,2007,8,12,6,1
2007-09-04,2007,9,4,1,0
2008-03-28,2008,3,28,4,0
2008-02-06,2008,2,6,2,0
2007-06-04,2007,6,4,0,0
2005-05-28,2005,5,28,5,1
2007-01-25,2007,1,25,3,0
2008-09-19,2008,9,19,4,0
2008-01-13,2008,1,13,6,1
2007-02-13,2007,2,13,1,0
2011-02-03,2011,2,3,3,0
2004-04-12,2004,4,12,0,0
2006-12-13,2006,12,13,2,0
2010-07-05,2010,7,5,0,0
2008-03-08,2008,3,8,5,1
2007-11-12,2007,11,12,0,0
2009-01-03,2009,1,3,5,1
2003-08-16,2003,8,16,5,1
2003-06-11,2003,6,11,2,0
2003-09-05,2003,9,5,4,0
2008-04-12,2008,4,12,5,1
2007-09-05,2007,9,5,2,0
2006-04-24,2006,4,24,0,0
2007-10-14,2007,10,14,6,1
2007-07-15,2007,7,15,6,1
2002-10-11,2002,10,11,4,0
2004-10-17,2004,10,17,6,1
2003-08-26,2003,8,26,1,0
2004-03-06,2004,3,6,5,1
2006-01-24,2006,1,24,1,0
2008-09-16,2008,9,16,1,0
2008-01-07,2008,1,7,0,0
2006-07-20,2006,7,20,3,0
2008-05-16,2008,5,16,4,0
2007-12-20,2007,12,20,3,0
2007-06-11,2007,6,11,0,0
2007-03-27,2007,3,27,1,0
2007-12-02,2007,12,2,6,1
2008-02-14,2008,2,14,3,0
2008-05-05,2008,5,5,0,0
2005-08-22,2005,8,22,0,0
2006-10-16,2006,10,16,0,0
2007-07-16,2007,7,16,0,0
2007-12-08,2007,12,8,5,1
2007-09-19,2007,9,19,2,0
2005-11-12,2005,11,12,5,1
2008-07-09,2008,7,9,2,0
2005-08-02,2005,8,2,1,0
2005-05-22,2005,5,22,6,1
2008-01-17,2008,1,17,3,0
2008-05-18,2008,5,18,6,1
2004-11-30,2004,11,30,1,0
2006-01-19,2006,1,19,3,0
2006-05-23,2006,5,23,1,0
2007-08-31,2007,8,31,4,0
2006-09-23,2006,9,23,5,1
2007-11-01,2007,11,1,3,0
2006-06-03,2006,6,3,5,1
2007-08-07,2007,8,7,1,0
2007-10-12,2007,10,12,4,0
2007-07-26,2007,7,26,3,0
2003-07-31,2003,7,31,3,0
2007-06-16,2007,6,16,5,1
2007-04-02,2007,4,2,0,0
2006-07-22,2006,7,22,5,1
2007-04-09,2007,4,9,0,0
2004-12-15,2004,12,15,2,0
2006-08-25,2006,8,25,4,0
2007-09-15,2007,9,15,5,1
2003-08-06,2003,8,6,2,0
2008-01-08,2008,1,8,1,0
2003-11-24,2003,11,24,0,0
2007-04-07,2007,4,7,5,1
2007-10-17,2007,10,17,2,0
2006-09-18,2006,9,18,0,0
2007-06-27,2007,6,27,2,0
2007-07-05,2007,7,5,3,0
2007-03-16,2007,3,16,4,0
2007-01-08,2007,1,8,0,0
2005-10-24,2005,10,24,0,0
2003-11-22,2003,11,22,5,1
2010-02-12,2010,2,12,4,0
2006-11-05,2006,11,5,6,1
2007-06-01,2007,6,1,4,0
2006-05-21,2006,5,21,6,1
2005-10-30,2005,10,30,6,1
2006-08-20,2006,8,20,6,1
2007-06-10,2007,6,10,6,1
2007-06-14,2007,6,14,3,0
2007-09-07,2007,9,7,4,0
2007-10-26,2007,10,26,4,0
2005-10-11,2005,10,11,1,0
2007-11-06,2007,11,6,1,0
2007-10-07,2007,10,7,6,1
2005-09-01,2005,9,1,3,0
2007-04-30,2007,4,30,0,0
2006-10-29,2006,10,29,6,1
2007-02-21,2007,2,21,2,0
2010-02-13,2010,2,13,5,1
2008-08-06,2008,8,6,2,0
2007-05-14,2007,5,14,0,0
2007-03-18,2007,3,18,6,1
2007-10-20,2007,10,20,5,1
2007-06-15,2007,6,15,4,0
2004-07-23,2004,7,23,4,0
2006-04-23,2006,4,23,6,1
2007-09-16,2007,9,16,6,1
2008-09-13,2008,9,13,5,1
2007-11-20,2007,11,20,1,0
2007-04-06,2007,4,6,4,0
2007-07-30,2007,7,30,0,0
2007-07-17,2007,7,17,1,0
2006-04-25,2006,4,25,1,0
2007-10-11,2007,10,11,3,0
2007-02-01,2007,2,1,3,0
2007-11-23,2007,11,23,4,0
2007-11-09,2007,11,9,4,0
2002-11-30,2002,11,30,5,1
2007-03-30,2007,3,30,4,0
2007-08-18,2007,8,18,5,1
2005-06-16,2005,6,16,3,0
2007-06-30,2007,6,30,5,1
2007-08-06,2007,8,6,0,0
2008-01-12,2008,1,12,5,1
2007-08-26,2007,8,26,6,1
2006-06-30,2006,6,30,4,0
2006-08-23,2006,8,23,2,0
2006-09-24,2006,9,24,6,1
2006-09-11,2006,9,11,0,0
2005-12-14,2005,12,14,2,0
2006-04-10,2006,4,10,0,0
2005-11-07,2005,11,7,0,0
2005-12-08,2005,12,8,3,0
2007-07-28,2007,7,28,5,1
2003-07-30,2003,7,30,2,0
2003-07-24,2003,7,24,3,0
2007-05-23,2007,5,23,2,0
2007-05-09,2007,5,9,2,0
2007-06-08,2007,6,8,4,0
2006-10-10,2006,10,10,1,0
2004-05-13,2004,5,13,3,0
2002-02-18,2002,2,18,0,0
2002-04-15,2002,4,15,0,0
2006-09-19,2006,9,19,1,0
2005-05-15,2005,5,15,6,1
2006-08-05,2006,8,5,5,1
2006-10-05,2006,10,5,3,0
2003-10-12,2003,10,12,6,1
2002-08-06,2002,8,6,1,0
2002-11-19,2002,11,19,1,0
2006-09-01,2006,9,1,4,0
2008-08-09,2008,8,9,5,1
2007-04-27,2007,4,27,4,0
2007-09-06,2007,9,6,3,0
2006-08-26,2006,8,26,5,1
2007-12-06,2007,12,6,3,0
2007-05-31,2007,5,31,3,0
2007-12-14,2007,12,14,4,0
2007-10-30,2007,10,30,1,0
2007-09-25,2007,9,25,1,0
2007-05-10,2007,5,10,3,0
2003-12-01,2003,12,1,0,0
2005-02-05,2005,2,5,5,1
2008-01-16,2008,1,16,2,0
2002-12-08,2002,12,8,6,1
2005-10-26,2005,10,26,2,0
2001-11-26,2001,11,26,0,0
2007-10-27,2007,10,27,5,1
2007-02-15,2007,2,15,3,0
2007-09-22,2007,9,22,5,1
2005-02-07,2005,2,7,0,0
2003-07-02,2003,7,2,2,0
2006-12-29,2006,12,29,4,0
2007-03-29,2007,3,29,3,0
2002-12-07,2002,12,7,5,1
2006-12-16,2006,12,16,5,1
2006-09-07,2006,9,7,3,0
2004-07-28,2004,7,28,2,0
2007-12-05,2007,12,5,2,0
2007-04-10,2007,4,10,1,0
2007-11-27,2007,11,27,1,0
2007-09-26,2007,9,26,2,0
2004-06-10,2004,6,10,3,0
2006-01-07,2006,1,7,5,1
2007-05-30,2007,5,30,2,0
2007-06-19,2007,6,19,1,0
2006-09-21,2006,9,21,3,0
2007-04-29,2007,4,29,6,1
2007-09-28,2007,9,28,4,0
2005-08-08,2005,8,8,0,0
2005-11-17,2005,11,17,3,0
2007-07-09,2007,7,9,0,0
2007-09-08,2007,9,8,5,1
2007-11-17,2007,11,17,5,1
2007-12-31,2007,12,31,0,0
2007-12-03,2007,12,3,0,0
2004-08-15,2004,8,15,6,1
2007-01-04,2007,1,4,3,0
2007-11-19,2007,11,19,0,0
2001-12-03,2001,12,3,0,0
2006-07-30,2006,7,30,6,1
2007-01-09,2007,1,9,1,0
2007-07-11,2007,7,11,2,0
2008-01-04,2008,1,4,4,0
2007-08-01,2007,8,1,2,0
2007-09-11,2007,9,11,1,0
2007-02-17,2007,2,17,5,1
2006-07-25,2006,7,25,1,0
2010-02-16,2010,2,16,1,0
2006-11-23,2006,11,23,3,0
2007-08-19,2007,8,19,6,1
2003-06-12,2003,6,12,3,0
2003-01-21,2003,1,21,1,0
2003-08-17,2003,8,17,6,1
2003-08-27,2003,8,27,2,0
2003-08-05,2003,8,5,1,0
2001-03-16,2001,3,16,4,0
2007-11-13,2007,11,13,1,0
2002-03-06,2002,3,6,2,0
2006-11-18,2006,11,18,5,1
2004-12-13,2004,12,13,0,0
2006-01-03,2006,1,3,1,0
2007-12-07,2007,12,7,4,0
2004-08-26,2004,8,26,3,0
2007-08-24,2007,8,24,4,0
2003-05-16,2003,5,16,4,0
2003-06-23,2003,6,23,0,0
2006-06-27,2006,6,27,1,0
2007-09-10,2007,9,10,0,0
2007-01-27,2007,1,27,5,1
2004-10-19,2004,10,19,1,0
2005-11-06,2005,11,6,6,1
2006-04-09,2006,4,9,6,1
2007-02-04,2007,2,4,6,1
2007-06-17,2007,6,17,6,1
2006-10-12,2006,10,12,3,0
2007-02-07,2007,2,7,2,0
2006-05-25,2006,5,25,3,0
2007-10-18,2007,10,18,3,0
2006-12-25,2006,12,25,0,0
2003-08-03,2003,8,3,6,1
2002-04-17,2002,4,17,2,0
2002-05-15,2002,5,15,2,0
2002-04-02,2002,4,2,1,0
2004-03-15,2004,3,15,0,0
2004-07-06,2004,7,6,1,0
2007-07-10,2007,7,10,1,0
2004-06-21,2004,6,21,0,0
2007-05-02,2007,5,2,2,0
2006-01-08,2006,1,8,6,1
