user_id,review_cnt,avg_score,low_score_rate,active_days,user_tier
1277,7,2.5714285714285716,0.5714285714285714,7,high_risk
94901,5,3.0,0.6,4,high_risk
11291,5,2.8,0.6,5,high_risk
555,5,2.2,0.6,5,high_risk
41182,4,2.25,0.75,3,high_risk
24448,4,2.25,0.75,4,high_risk
142992,3,2.6666666666666665,0.6666666666666666,3,high_risk
66583,3,2.6666666666666665,0.6666666666666666,3,high_risk
78977,3,2.6666666666666665,0.6666666666666666,3,high_risk
78831,3,2.6666666666666665,0.6666666666666666,3,high_risk
14162,3,2.6666666666666665,0.6666666666666666,3,high_risk
52448,3,2.6666666666666665,0.6666666666666666,3,high_risk
4014,3,2.6666666666666665,0.6666666666666666,3,high_risk
86764,3,2.6666666666666665,0.6666666666666666,3,high_risk
214744,3,2.6666666666666665,0.6666666666666666,2,high_risk
12012,3,2.3333333333333335,0.6666666666666666,3,high_risk
178118,3,2.3333333333333335,0.6666666666666666,2,high_risk
2050,3,2.3333333333333335,0.6666666666666666,3,high_risk
81002,3,2.3333333333333335,0.6666666666666666,3,high_risk
29225,3,2.3333333333333335,0.6666666666666666,2,high_risk
15019,3,2.3333333333333335,0.6666666666666666,3,high_risk
9610,3,2.3333333333333335,0.6666666666666666,3,high_risk
5144,3,2.3333333333333335,0.6666666666666666,3,high_risk
11345,3,2.0,0.6666666666666666,3,high_risk
314282,3,2.0,1.0,1,high_risk
34644,3,2.0,0.6666666666666666,3,high_risk
19718,3,2.0,0.6666666666666666,2,high_risk
4481,3,2.0,0.6666666666666666,3,high_risk
485,3,1.6666666666666667,0.6666666666666666,3,high_risk
18828,3,1.6666666666666667,0.6666666666666666,3,high_risk
3422,3,1.6666666666666667,1.0,3,high_risk
50333,3,1.6666666666666667,0.6666666666666666,3,high_risk
40184,3,1.6666666666666667,1.0,3,high_risk
23432,3,1.6666666666666667,0.6666666666666666,3,high_risk
38231,3,1.6666666666666667,1.0,1,high_risk
51914,3,1.0,1.0,3,high_risk
30899,2,2.0,1.0,2,high_risk
85819,2,2.0,1.0,2,high_risk
314149,2,2.0,1.0,1,high_risk
1190715,2,2.0,1.0,1,high_risk
321097,2,2.0,1.0,1,high_risk
502574,2,2.0,1.0,1,high_risk
135662,2,2.0,1.0,1,high_risk
126933,2,2.0,1.0,1,high_risk
127528,2,2.0,1.0,1,high_risk
15114,2,2.0,1.0,2,high_risk
292087,2,2.0,1.0,2,high_risk
699105,2,2.0,1.0,1,high_risk
224909,2,2.0,1.0,2,high_risk
223068,2,2.0,1.0,1,high_risk
58314,2,2.0,1.0,1,high_risk
198321,2,2.0,1.0,2,high_risk
333039,2,2.0,1.0,1,high_risk
6535,2,2.0,1.0,1,high_risk
114454,2,2.0,1.0,2,high_risk
1164744,2,2.0,1.0,1,high_risk
173008,2,1.5,1.0,1,high_risk
239039,2,1.5,1.0,2,high_risk
31578,2,1.5,1.0,2,high_risk
121492,2,1.5,1.0,2,high_risk
166037,2,1.5,1.0,1,high_risk
50982,2,1.5,1.0,1,high_risk
1255672,2,1.5,1.0,2,high_risk
128364,2,1.5,1.0,2,high_risk
289481,2,1.5,1.0,2,high_risk
150833,2,1.5,1.0,2,high_risk
95124,2,1.5,1.0,2,high_risk
39867,2,1.5,1.0,1,high_risk
175,2,1.5,1.0,2,high_risk
122954,2,1.0,1.0,1,high_risk
30400,2,1.0,1.0,1,high_risk
319461,2,1.0,1.0,2,high_risk
236734,2,1.0,1.0,1,high_risk
49683,2,1.0,1.0,2,high_risk
70954,2,1.0,1.0,1,high_risk
100247,2,1.0,1.0,2,high_risk
27166,2,1.0,1.0,1,high_risk
203697,2,1.0,1.0,1,high_risk
481989,2,1.0,1.0,1,high_risk
203713,2,1.0,1.0,1,high_risk
287728,2,1.0,1.0,2,high_risk
640831,2,1.0,1.0,1,high_risk
5736,2,1.0,1.0,2,high_risk
223359,2,1.0,1.0,1,high_risk
1051889,2,1.0,1.0,1,high_risk
189969,2,1.0,1.0,2,high_risk
57932,2,1.0,1.0,1,high_risk
579677,2,1.0,1.0,1,high_risk
91951,2,1.0,1.0,2,high_risk
348811,2,1.0,1.0,2,high_risk
907308,2,1.0,1.0,1,high_risk
3951,2,1.0,1.0,1,high_risk
3309,2,1.0,1.0,1,high_risk
955376,2,1.0,1.0,1,high_risk
530164,1,2.0,1.0,1,high_risk
51770,1,2.0,1.0,1,high_risk
531534,1,2.0,1.0,1,high_risk
530924,1,2.0,1.0,1,high_risk
60024,1,2.0,1.0,1,high_risk
51728,1,2.0,1.0,1,high_risk
589522,1,2.0,1.0,1,high_risk
582975,1,2.0,1.0,1,high_risk
589709,1,2.0,1.0,1,high_risk
589599,1,2.0,1.0,1,high_risk
58961,1,2.0,1.0,1,high_risk
531316,1,2.0,1.0,1,high_risk
530307,1,2.0,1.0,1,high_risk
58972,1,2.0,1.0,1,high_risk
530737,1,2.0,1.0,1,high_risk
533783,1,2.0,1.0,1,high_risk
515851,1,2.0,1.0,1,high_risk
533549,1,2.0,1.0,1,high_risk
533636,1,2.0,1.0,1,high_risk
5796,1,2.0,1.0,1,high_risk
590853,1,2.0,1.0,1,high_risk
579731,1,2.0,1.0,1,high_risk
598214,1,2.0,1.0,1,high_risk
590190,1,2.0,1.0,1,high_risk
532237,1,2.0,1.0,1,high_risk
516787,1,2.0,1.0,1,high_risk
531907,1,2.0,1.0,1,high_risk
53185,1,2.0,1.0,1,high_risk
59049,1,2.0,1.0,1,high_risk
580638,1,2.0,1.0,1,high_risk
524992,1,2.0,1.0,1,high_risk
524614,1,2.0,1.0,1,high_risk
520598,1,2.0,1.0,1,high_risk
520457,1,2.0,1.0,1,high_risk
51997,1,2.0,1.0,1,high_risk
59139,1,2.0,1.0,1,high_risk
525225,1,2.0,1.0,1,high_risk
525144,1,2.0,1.0,1,high_risk
599316,1,2.0,1.0,1,high_risk
523911,1,2.0,1.0,1,high_risk
523876,1,2.0,1.0,1,high_risk
524298,1,2.0,1.0,1,high_risk
521477,1,2.0,1.0,1,high_risk
523533,1,2.0,1.0,1,high_risk
584985,1,2.0,1.0,1,high_risk
529038,1,2.0,1.0,1,high_risk
529811,1,2.0,1.0,1,high_risk
58423,1,2.0,1.0,1,high_risk
58405,1,2.0,1.0,1,high_risk
589279,1,2.0,1.0,1,high_risk
529400,1,2.0,1.0,1,high_risk
518574,1,2.0,1.0,1,high_risk
585596,1,2.0,1.0,1,high_risk
519611,1,2.0,1.0,1,high_risk
519767,1,2.0,1.0,1,high_risk
527286,1,2.0,1.0,1,high_risk
527827,1,2.0,1.0,1,high_risk
519506,1,2.0,1.0,1,high_risk
585466,1,2.0,1.0,1,high_risk
56858,1,2.0,1.0,1,high_risk
568410,1,2.0,1.0,1,high_risk
552898,1,2.0,1.0,1,high_risk
554098,1,2.0,1.0,1,high_risk
56883,1,2.0,1.0,1,high_risk
56880,1,2.0,1.0,1,high_risk
55443,1,2.0,1.0,1,high_risk
55551,1,2.0,1.0,1,high_risk
56790,1,2.0,1.0,1,high_risk
568046,1,2.0,1.0,1,high_risk
594187,1,2.0,1.0,1,high_risk
56805,1,2.0,1.0,1,high_risk
554710,1,2.0,1.0,1,high_risk
554437,1,2.0,1.0,1,high_risk
550025,1,2.0,1.0,1,high_risk
550185,1,2.0,1.0,1,high_risk
550328,1,2.0,1.0,1,high_risk
549686,1,2.0,1.0,1,high_risk
550730,1,2.0,1.0,1,high_risk
550767,1,2.0,1.0,1,high_risk
550771,1,2.0,1.0,1,high_risk
596441,1,2.0,1.0,1,high_risk
56903,1,2.0,1.0,1,high_risk
596469,1,2.0,1.0,1,high_risk
551238,1,2.0,1.0,1,high_risk
550861,1,2.0,1.0,1,high_risk
569481,1,2.0,1.0,1,high_risk
56959,1,2.0,1.0,1,high_risk
560992,1,2.0,1.0,1,high_risk
560857,1,2.0,1.0,1,high_risk
56063,1,2.0,1.0,1,high_risk
565070,1,2.0,1.0,1,high_risk
560563,1,2.0,1.0,1,high_risk
565765,1,2.0,1.0,1,high_risk
56545,1,2.0,1.0,1,high_risk
565796,1,2.0,1.0,1,high_risk
55999,1,2.0,1.0,1,high_risk
56300,1,2.0,1.0,1,high_risk
564017,1,2.0,1.0,1,high_risk
561700,1,2.0,1.0,1,high_risk
56264,1,2.0,1.0,1,high_risk
567014,1,2.0,1.0,1,high_risk
567579,1,2.0,1.0,1,high_risk
559145,1,2.0,1.0,1,high_risk
565907,1,2.0,1.0,1,high_risk
56589,1,2.0,1.0,1,high_risk
557976,1,2.0,1.0,1,high_risk
55865,1,2.0,1.0,1,high_risk
558812,1,2.0,1.0,1,high_risk
566363,1,2.0,1.0,1,high_risk
57646,1,2.0,1.0,1,high_risk
576247,1,2.0,1.0,1,high_risk
539305,1,2.0,1.0,1,high_risk
539100,1,2.0,1.0,1,high_risk
576111,1,2.0,1.0,1,high_risk
538180,1,2.0,1.0,1,high_risk
575004,1,2.0,1.0,1,high_risk
539634,1,2.0,1.0,1,high_risk
54020,1,2.0,1.0,1,high_risk
540117,1,2.0,1.0,1,high_risk
578293,1,2.0,1.0,1,high_risk
535491,1,2.0,1.0,1,high_risk
535222,1,2.0,1.0,1,high_risk
578028,1,2.0,1.0,1,high_risk
537251,1,2.0,1.0,1,high_risk
577354,1,2.0,1.0,1,high_risk
536549,1,2.0,1.0,1,high_risk
537153,1,2.0,1.0,1,high_risk
598004,1,2.0,1.0,1,high_risk
53670,1,2.0,1.0,1,high_risk
545460,1,2.0,1.0,1,high_risk
546017,1,2.0,1.0,1,high_risk
548679,1,2.0,1.0,1,high_risk
548044,1,2.0,1.0,1,high_risk
57166,1,2.0,1.0,1,high_risk
54312,1,2.0,1.0,1,high_risk
543081,1,2.0,1.0,1,high_risk
574242,1,2.0,1.0,1,high_risk
57416,1,2.0,1.0,1,high_risk
597276,1,2.0,1.0,1,high_risk
59332,1,2.0,1.0,1,high_risk
593195,1,2.0,1.0,1,high_risk
542237,1,2.0,1.0,1,high_risk
542174,1,2.0,1.0,1,high_risk
54501,1,2.0,1.0,1,high_risk
543613,1,2.0,1.0,1,high_risk
57346,1,2.0,1.0,1,high_risk
54402,1,2.0,1.0,1,high_risk
424261,1,2.0,1.0,1,high_risk
424427,1,2.0,1.0,1,high_risk
424174,1,2.0,1.0,1,high_risk
425596,1,2.0,1.0,1,high_risk
423184,1,2.0,1.0,1,high_risk
422300,1,2.0,1.0,1,high_risk
422685,1,2.0,1.0,1,high_risk
422564,1,2.0,1.0,1,high_risk
428829,1,2.0,1.0,1,high_risk
42819,1,2.0,1.0,1,high_risk
429596,1,2.0,1.0,1,high_risk
429747,1,2.0,1.0,1,high_risk
429842,1,2.0,1.0,1,high_risk
42655,1,2.0,1.0,1,high_risk
426660,1,2.0,1.0,1,high_risk
427401,1,2.0,1.0,1,high_risk
422258,1,2.0,1.0,1,high_risk
417329,1,2.0,1.0,1,high_risk
418236,1,2.0,1.0,1,high_risk
418312,1,2.0,1.0,1,high_risk
41507,1,2.0,1.0,1,high_risk
414760,1,2.0,1.0,1,high_risk
416331,1,2.0,1.0,1,high_risk
416054,1,2.0,1.0,1,high_risk
421086,1,2.0,1.0,1,high_risk
418822,1,2.0,1.0,1,high_risk
418673,1,2.0,1.0,1,high_risk
418545,1,2.0,1.0,1,high_risk
418562,1,2.0,1.0,1,high_risk
419471,1,2.0,1.0,1,high_risk
419577,1,2.0,1.0,1,high_risk
441232,1,2.0,1.0,1,high_risk
441191,1,2.0,1.0,1,high_risk
442275,1,2.0,1.0,1,high_risk
441709,1,2.0,1.0,1,high_risk
439441,1,2.0,1.0,1,high_risk
439508,1,2.0,1.0,1,high_risk
439535,1,2.0,1.0,1,high_risk
439560,1,2.0,1.0,1,high_risk
439663,1,2.0,1.0,1,high_risk
439791,1,2.0,1.0,1,high_risk
439936,1,2.0,1.0,1,high_risk
440212,1,2.0,1.0,1,high_risk
440222,1,2.0,1.0,1,high_risk
4458,1,2.0,1.0,1,high_risk
445687,1,2.0,1.0,1,high_risk
44566,1,2.0,1.0,1,high_risk
44540,1,2.0,1.0,1,high_risk
442978,1,2.0,1.0,1,high_risk
443004,1,2.0,1.0,1,high_risk
442547,1,2.0,1.0,1,high_risk
442540,1,2.0,1.0,1,high_risk
442637,1,2.0,1.0,1,high_risk
443828,1,2.0,1.0,1,high_risk
443380,1,2.0,1.0,1,high_risk
44360,1,2.0,1.0,1,high_risk
432950,1,2.0,1.0,1,high_risk
434150,1,2.0,1.0,1,high_risk
430706,1,2.0,1.0,1,high_risk
431163,1,2.0,1.0,1,high_risk
434290,1,2.0,1.0,1,high_risk
437,1,2.0,1.0,1,high_risk
437191,1,2.0,1.0,1,high_risk
437993,1,2.0,1.0,1,high_risk
438164,1,2.0,1.0,1,high_risk
4364,1,2.0,1.0,1,high_risk
436653,1,2.0,1.0,1,high_risk
435593,1,2.0,1.0,1,high_risk
435821,1,2.0,1.0,1,high_risk
393728,1,2.0,1.0,1,high_risk
393278,1,2.0,1.0,1,high_risk
393996,1,2.0,1.0,1,high_risk
39402,1,2.0,1.0,1,high_risk
394050,1,2.0,1.0,1,high_risk
392946,1,2.0,1.0,1,high_risk
39154,1,2.0,1.0,1,high_risk
39230,1,2.0,1.0,1,high_risk
39469,1,2.0,1.0,1,high_risk
39772,1,2.0,1.0,1,high_risk
395175,1,2.0,1.0,1,high_risk
394737,1,2.0,1.0,1,high_risk
394918,1,2.0,1.0,1,high_risk
39617,1,2.0,1.0,1,high_risk
395645,1,2.0,1.0,1,high_risk
395729,1,2.0,1.0,1,high_risk
387111,1,2.0,1.0,1,high_risk
387467,1,2.0,1.0,1,high_risk
387527,1,2.0,1.0,1,high_risk
384201,1,2.0,1.0,1,high_risk
38528,1,2.0,1.0,1,high_risk
385418,1,2.0,1.0,1,high_risk
38990,1,2.0,1.0,1,high_risk
390820,1,2.0,1.0,1,high_risk
388226,1,2.0,1.0,1,high_risk
388487,1,2.0,1.0,1,high_risk
38781,1,2.0,1.0,1,high_risk
388050,1,2.0,1.0,1,high_risk
388077,1,2.0,1.0,1,high_risk
389235,1,2.0,1.0,1,high_risk
38944,1,2.0,1.0,1,high_risk
397910,1,2.0,1.0,1,high_risk
40890,1,2.0,1.0,1,high_risk
409813,1,2.0,1.0,1,high_risk
409305,1,2.0,1.0,1,high_risk
409174,1,2.0,1.0,1,high_risk
406063,1,2.0,1.0,1,high_risk
406075,1,2.0,1.0,1,high_risk
406533,1,2.0,1.0,1,high_risk
408045,1,2.0,1.0,1,high_risk
407542,1,2.0,1.0,1,high_risk
4127,1,2.0,1.0,1,high_risk
41223,1,2.0,1.0,1,high_risk
414289,1,2.0,1.0,1,high_risk
414455,1,2.0,1.0,1,high_risk
414,1,2.0,1.0,1,high_risk
410198,1,2.0,1.0,1,high_risk
411987,1,2.0,1.0,1,high_risk
399912,1,2.0,1.0,1,high_risk
40105,1,2.0,1.0,1,high_risk
40094,1,2.0,1.0,1,high_risk
398191,1,2.0,1.0,1,high_risk
398210,1,2.0,1.0,1,high_risk
40168,1,2.0,1.0,1,high_risk
40425,1,2.0,1.0,1,high_risk
402177,1,2.0,1.0,1,high_risk
402416,1,2.0,1.0,1,high_risk
402068,1,2.0,1.0,1,high_risk
491788,1,2.0,1.0,1,high_risk
493014,1,2.0,1.0,1,high_risk
492760,1,2.0,1.0,1,high_risk
489968,1,2.0,1.0,1,high_risk
490823,1,2.0,1.0,1,high_risk
495467,1,2.0,1.0,1,high_risk
495857,1,2.0,1.0,1,high_risk
496430,1,2.0,1.0,1,high_risk
496654,1,2.0,1.0,1,high_risk
496878,1,2.0,1.0,1,high_risk
494182,1,2.0,1.0,1,high_risk
49426,1,2.0,1.0,1,high_risk
493383,1,2.0,1.0,1,high_risk
493459,1,2.0,1.0,1,high_risk
495039,1,2.0,1.0,1,high_risk
494430,1,2.0,1.0,1,high_risk
49461,1,2.0,1.0,1,high_risk
48396,1,2.0,1.0,1,high_risk
483390,1,2.0,1.0,1,high_risk
484861,1,2.0,1.0,1,high_risk
485051,1,2.0,1.0,1,high_risk
484418,1,2.0,1.0,1,high_risk
484513,1,2.0,1.0,1,high_risk
481265,1,2.0,1.0,1,high_risk
481375,1,2.0,1.0,1,high_risk
481537,1,2.0,1.0,1,high_risk
482626,1,2.0,1.0,1,high_risk
482311,1,2.0,1.0,1,high_risk
482333,1,2.0,1.0,1,high_risk
482408,1,2.0,1.0,1,high_risk
482593,1,2.0,1.0,1,high_risk
4879,1,2.0,1.0,1,high_risk
488140,1,2.0,1.0,1,high_risk
48879,1,2.0,1.0,1,high_risk
485795,1,2.0,1.0,1,high_risk
48523,1,2.0,1.0,1,high_risk
485254,1,2.0,1.0,1,high_risk
510226,1,2.0,1.0,1,high_risk
51061,1,2.0,1.0,1,high_risk
507672,1,2.0,1.0,1,high_risk
507412,1,2.0,1.0,1,high_risk
508516,1,2.0,1.0,1,high_risk
508413,1,2.0,1.0,1,high_risk
51396,1,2.0,1.0,1,high_risk
513949,1,2.0,1.0,1,high_risk
513239,1,2.0,1.0,1,high_risk
513284,1,2.0,1.0,1,high_risk
51344,1,2.0,1.0,1,high_risk
514493,1,2.0,1.0,1,high_risk
511221,1,2.0,1.0,1,high_risk
500990,1,2.0,1.0,1,high_risk
50045,1,2.0,1.0,1,high_risk
501069,1,2.0,1.0,1,high_risk
50125,1,2.0,1.0,1,high_risk
500144,1,2.0,1.0,1,high_risk
5017,1,2.0,1.0,1,high_risk
49806,1,2.0,1.0,1,high_risk
498275,1,2.0,1.0,1,high_risk
49916,1,2.0,1.0,1,high_risk
498617,1,2.0,1.0,1,high_risk
498767,1,2.0,1.0,1,high_risk
498783,1,2.0,1.0,1,high_risk
498823,1,2.0,1.0,1,high_risk
498919,1,2.0,1.0,1,high_risk
505066,1,2.0,1.0,1,high_risk
505106,1,2.0,1.0,1,high_risk
505263,1,2.0,1.0,1,high_risk
502728,1,2.0,1.0,1,high_risk
481225,1,2.0,1.0,1,high_risk
459687,1,2.0,1.0,1,high_risk
4597,1,2.0,1.0,1,high_risk
462535,1,2.0,1.0,1,high_risk
460753,1,2.0,1.0,1,high_risk
449249,1,2.0,1.0,1,high_risk
449160,1,2.0,1.0,1,high_risk
448965,1,2.0,1.0,1,high_risk
446841,1,2.0,1.0,1,high_risk
446436,1,2.0,1.0,1,high_risk
448503,1,2.0,1.0,1,high_risk
447754,1,2.0,1.0,1,high_risk
453532,1,2.0,1.0,1,high_risk
45317,1,2.0,1.0,1,high_risk
453116,1,2.0,1.0,1,high_risk
453274,1,2.0,1.0,1,high_risk
454645,1,2.0,1.0,1,high_risk
454805,1,2.0,1.0,1,high_risk
450822,1,2.0,1.0,1,high_risk
452635,1,2.0,1.0,1,high_risk
452269,1,2.0,1.0,1,high_risk
475046,1,2.0,1.0,1,high_risk
475124,1,2.0,1.0,1,high_risk
476090,1,2.0,1.0,1,high_risk
473489,1,2.0,1.0,1,high_risk
47357,1,2.0,1.0,1,high_risk
472897,1,2.0,1.0,1,high_risk
474210,1,2.0,1.0,1,high_risk
480262,1,2.0,1.0,1,high_risk
479396,1,2.0,1.0,1,high_risk
479556,1,2.0,1.0,1,high_risk
477868,1,2.0,1.0,1,high_risk
477889,1,2.0,1.0,1,high_risk
478003,1,2.0,1.0,1,high_risk
478724,1,2.0,1.0,1,high_risk
478522,1,2.0,1.0,1,high_risk
466,1,2.0,1.0,1,high_risk
467441,1,2.0,1.0,1,high_risk
472593,1,2.0,1.0,1,high_risk
472052,1,2.0,1.0,1,high_risk
472106,1,2.0,1.0,1,high_risk
471488,1,2.0,1.0,1,high_risk
471832,1,2.0,1.0,1,high_risk
46817,1,2.0,1.0,1,high_risk
468222,1,2.0,1.0,1,high_risk
47001,1,2.0,1.0,1,high_risk
842243,1,2.0,1.0,1,high_risk
842005,1,2.0,1.0,1,high_risk
843736,1,2.0,1.0,1,high_risk
843957,1,2.0,1.0,1,high_risk
843189,1,2.0,1.0,1,high_risk
839259,1,2.0,1.0,1,high_risk
839350,1,2.0,1.0,1,high_risk
839538,1,2.0,1.0,1,high_risk
838614,1,2.0,1.0,1,high_risk
838807,1,2.0,1.0,1,high_risk
840880,1,2.0,1.0,1,high_risk
840893,1,2.0,1.0,1,high_risk
850835,1,2.0,1.0,1,high_risk
84944,1,2.0,1.0,1,high_risk
852228,1,2.0,1.0,1,high_risk
851498,1,2.0,1.0,1,high_risk
8452,1,2.0,1.0,1,high_risk
84677,1,2.0,1.0,1,high_risk
