alert_id,product_id,dt,risk_level,evidence,suggestion,owner,created_at
ALERT_000001,PRODUCT_432093,2013-05-29,high,"{""review_cnt"": 2, ""avg_score"": 2.0, ""low_score_rate"": 1.0, ""anomaly_score"": 0.7266294855409053}",建议立即排查商品质量与履约链路，必要时暂停推广并启动快速退款策略,售后风控主管,2026-05-22 10:35:31.322871
ALERT_000002,PRODUCT_243441,2012-11-27,high,"{""review_cnt"": 2, ""avg_score"": 2.0, ""low_score_rate"": 0.5, ""anomaly_score"": 0.7224208719305106}",建议立即排查商品质量与履约链路，必要时暂停推广并启动快速退款策略,售后风控主管,2026-05-22 10:35:31.322871
ALERT_000003,PRODUCT_258244,2008-01-31,high,"{""review_cnt"": 2, ""avg_score"": 2.0, ""low_score_rate"": 0.5, ""anomaly_score"": 0.7224208719305106}",建议立即排查商品质量与履约链路，必要时暂停推广并启动快速退款策略,售后风控主管,2026-05-22 10:35:31.322871
ALERT_000004,PRODUCT_406116,2012-06-06,high,"{""review_cnt"": 2, ""avg_score"": 2.5, ""low_score_rate"": 0.5, ""anomaly_score"": 0.7212939380303671}",建议立即排查商品质量与履约链路，必要时暂停推广并启动快速退款策略,售后风控主管,2026-05-22 10:35:31.322871
ALERT_000005,PRODUCT_454833,2013-03-11,high,"{""review_cnt"": 2, ""avg_score"": 2.5, ""low_score_rate"": 0.5, ""anomaly_score"": 0.7212939380303671}",建议立即排查商品质量与履约链路，必要时暂停推广并启动快速退款策略,售后风控主管,2026-05-22 10:35:31.322871
ALERT_000006,PRODUCT_395517,2013-04-17,high,"{""review_cnt"": 2, ""avg_score"": 2.5, ""low_score_rate"": 0.5, ""anomaly_score"": 0.7212939380303671}",建议立即排查商品质量与履约链路，必要时暂停推广并启动快速退款策略,售后风控主管,2026-05-22 10:35:31.322871
ALERT_000007,PRODUCT_401582,2013-08-29,high,"{""review_cnt"": 2, ""avg_score"": 2.5, ""low_score_rate"": 0.5, ""anomaly_score"": 0.7212939380303671}",建议立即排查商品质量与履约链路，必要时暂停推广并启动快速退款策略,售后风控主管,2026-05-22 10:35:31.322871
ALERT_000008,PRODUCT_138107,2013-01-03,high,"{""review_cnt"": 2, ""avg_score"": 2.5, ""low_score_rate"": 0.5, ""anomaly_score"": 0.7212939380303671}",建议立即排查商品质量与履约链路，必要时暂停推广并启动快速退款策略,售后风控主管,2026-05-22 10:35:31.322871
ALERT_000009,PRODUCT_453625,2012-03-08,high,"{""review_cnt"": 2, ""avg_score"": 2.5, ""low_score_rate"": 0.5, ""anomaly_score"": 0.7212939380303671}",建议立即排查商品质量与履约链路，必要时暂停推广并启动快速退款策略,售后风控主管,2026-05-22 10:35:31.322871
ALERT_000010,PRODUCT_467718,2009-09-11,high,"{""review_cnt"": 2, ""avg_score"": 2.5, ""low_score_rate"": 0.5, ""anomaly_score"": 0.7212939380303671}",建议立即排查商品质量与履约链路，必要时暂停推广并启动快速退款策略,售后风控主管,2026-05-22 10:35:31.322871
ALERT_000011,PRODUCT_218644,2011-10-18,high,"{""review_cnt"": 2, ""avg_score"": 2.5, ""low_score_rate"": 0.5, ""anomaly_score"": 0.7212939380303671}",建议立即排查商品质量与履约链路，必要时暂停推广并启动快速退款策略,售后风控主管,2026-05-22 10:35:31.322871
ALERT_000012,PRODUCT_378680,2013-07-15,high,"{""review_cnt"": 2, ""avg_score"": 2.5, ""low_score_rate"": 0.5, ""anomaly_score"": 0.7212939380303671}",建议立即排查商品质量与履约链路，必要时暂停推广并启动快速退款策略,售后风控主管,2026-05-22 10:35:31.322871
ALERT_000013,PRODUCT_36848,2011-11-14,high,"{""review_cnt"": 2, ""avg_score"": 3.0, ""low_score_rate"": 0.5, ""anomaly_score"": 0.7162159390836792}",建议立即排查商品质量与履约链路，必要时暂停推广并启动快速退款策略,售后风控主管,2026-05-22 10:35:31.322871
ALERT_000014,PRODUCT_294413,2013-02-12,high,"{""review_cnt"": 2, ""avg_score"": 3.0, ""low_score_rate"": 0.5, ""anomaly_score"": 0.7162159390836792}",建议立即排查商品质量与履约链路，必要时暂停推广并启动快速退款策略,售后风控主管,2026-05-22 10:35:31.322871
ALERT_000015,PRODUCT_307512,2013-11-06,high,"{""review_cnt"": 2, ""avg_score"": 3.0, ""low_score_rate"": 0.5, ""anomaly_score"": 0.7162159390836792}",建议立即排查商品质量与履约链路，必要时暂停推广并启动快速退款策略,售后风控主管,2026-05-22 10:35:31.322871
ALERT_000016,PRODUCT_283415,2011-08-15,high,"{""review_cnt"": 2, ""avg_score"": 3.0, ""low_score_rate"": 0.5, ""anomaly_score"": 0.7162159390836792}",建议立即排查商品质量与履约链路，必要时暂停推广并启动快速退款策略,售后风控主管,2026-05-22 10:35:31.322871
ALERT_000017,PRODUCT_261780,2013-02-19,high,"{""review_cnt"": 2, ""avg_score"": 3.0, ""low_score_rate"": 0.5, ""anomaly_score"": 0.7162159390836792}",建议立即排查商品质量与履约链路，必要时暂停推广并启动快速退款策略,售后风控主管,2026-05-22 10:35:31.322871
ALERT_000018,PRODUCT_253385,2010-03-13,high,"{""review_cnt"": 2, ""avg_score"": 3.0, ""low_score_rate"": 0.5, ""anomaly_score"": 0.7162159390836792}",建议立即排查商品质量与履约链路，必要时暂停推广并启动快速退款策略,售后风控主管,2026-05-22 10:35:31.322871
ALERT_000019,PRODUCT_345125,2008-11-23,high,"{""review_cnt"": 2, ""avg_score"": 3.0, ""low_score_rate"": 0.5, ""anomaly_score"": 0.7162159390836792}",建议立即排查商品质量与履约链路，必要时暂停推广并启动快速退款策略,售后风控主管,2026-05-22 10:35:31.322871
ALERT_000020,PRODUCT_200508,2012-06-03,high,"{""review_cnt"": 2, ""avg_score"": 3.0, ""low_score_rate"": 0.5, ""anomaly_score"": 0.7162159390836792}",建议立即排查商品质量与履约链路，必要时暂停推广并启动快速退款策略,售后风控主管,2026-05-22 10:35:31.322871
ALERT_000021,PRODUCT_156270,2013-01-11,high,"{""review_cnt"": 2, ""avg_score"": 3.0, ""low_score_rate"": 0.5, ""anomaly_score"": 0.7162159390836792}",建议立即排查商品质量与履约链路，必要时暂停推广并启动快速退款策略,售后风控主管,2026-05-22 10:35:31.322871
ALERT_000022,PRODUCT_361551,2013-07-14,high,"{""review_cnt"": 2, ""avg_score"": 3.0, ""low_score_rate"": 0.5, ""anomaly_score"": 0.7162159390836792}",建议立即排查商品质量与履约链路，必要时暂停推广并启动快速退款策略,售后风控主管,2026-05-22 10:35:31.322871
ALERT_000023,PRODUCT_407428,2011-12-16,high,"{""review_cnt"": 2, ""avg_score"": 3.0, ""low_score_rate"": 0.5, ""anomaly_score"": 0.7162159390836792}",建议立即排查商品质量与履约链路，必要时暂停推广并启动快速退款策略,售后风控主管,2026-05-22 10:35:31.322871
ALERT_000024,PRODUCT_461046,2013-12-11,high,"{""review_cnt"": 2, ""avg_score"": 3.0, ""low_score_rate"": 0.5, ""anomaly_score"": 0.7162159390836792}",建议立即排查商品质量与履约链路，必要时暂停推广并启动快速退款策略,售后风控主管,2026-05-22 10:35:31.322871
ALERT_000025,PRODUCT_464451,2011-07-08,high,"{""review_cnt"": 2, ""avg_score"": 3.0, ""low_score_rate"": 0.5, ""anomaly_score"": 0.7162159390836792}",建议立即排查商品质量与履约链路，必要时暂停推广并启动快速退款策略,售后风控主管,2026-05-22 10:35:31.322871
ALERT_000026,PRODUCT_48786,2011-07-16,high,"{""review_cnt"": 2, ""avg_score"": 3.0, ""low_score_rate"": 0.5, ""anomaly_score"": 0.7162159390836792}",建议立即排查商品质量与履约链路，必要时暂停推广并启动快速退款策略,售后风控主管,2026-05-22 10:35:31.322871
ALERT_000027,PRODUCT_489309,2013-11-16,high,"{""review_cnt"": 2, ""avg_score"": 3.0, ""low_score_rate"": 0.5, ""anomaly_score"": 0.7162159390836792}",建议立即排查商品质量与履约链路，必要时暂停推广并启动快速退款策略,售后风控主管,2026-05-22 10:35:31.322871
ALERT_000028,PRODUCT_489590,2013-08-09,high,"{""review_cnt"": 2, ""avg_score"": 3.0, ""low_score_rate"": 0.5, ""anomaly_score"": 0.7162159390836792}",建议立即排查商品质量与履约链路，必要时暂停推广并启动快速退款策略,售后风控主管,2026-05-22 10:35:31.322871
ALERT_000029,PRODUCT_500760,2013-03-09,high,"{""review_cnt"": 2, ""avg_score"": 3.0, ""low_score_rate"": 0.5, ""anomaly_score"": 0.7162159390836792}",建议立即排查商品质量与履约链路，必要时暂停推广并启动快速退款策略,售后风控主管,2026-05-22 10:35:31.322871
ALERT_000030,PRODUCT_58672,2013-10-10,high,"{""review_cnt"": 2, ""avg_score"": 3.0, ""low_score_rate"": 0.5, ""anomaly_score"": 0.7162159390836792}",建议立即排查商品质量与履约链路，必要时暂停推广并启动快速退款策略,售后风控主管,2026-05-22 10:35:31.322871
ALERT_000031,PRODUCT_58672,2013-11-24,high,"{""review_cnt"": 2, ""avg_score"": 3.0, ""low_score_rate"": 0.5, ""anomaly_score"": 0.7162159390836792}",建议立即排查商品质量与履约链路，必要时暂停推广并启动快速退款策略,售后风控主管,2026-05-22 10:35:31.322871
ALERT_000032,PRODUCT_82820,2012-02-29,high,"{""review_cnt"": 2, ""avg_score"": 3.0, ""low_score_rate"": 0.5, ""anomaly_score"": 0.7162159390836792}",建议立即排查商品质量与履约链路，必要时暂停推广并启动快速退款策略,售后风控主管,2026-05-22 10:35:31.322871
ALERT_000033,PRODUCT_98324,2011-11-15,high,"{""review_cnt"": 2, ""avg_score"": 3.0, ""low_score_rate"": 0.5, ""anomaly_score"": 0.7162159390836792}",建议立即排查商品质量与履约链路，必要时暂停推广并启动快速退款策略,售后风控主管,2026-05-22 10:35:31.322871
ALERT_000034,PRODUCT_150504,2013-06-11,high,"{""review_cnt"": 2, ""avg_score"": 3.0, ""low_score_rate"": 0.5, ""anomaly_score"": 0.7162159390836792}",建议立即排查商品质量与履约链路，必要时暂停推广并启动快速退款策略,售后风控主管,2026-05-22 10:35:31.322871
ALERT_000035,PRODUCT_99709,2013-11-29,high,"{""review_cnt"": 2, ""avg_score"": 3.0, ""low_score_rate"": 0.5, ""anomaly_score"": 0.7162159390836792}",建议立即排查商品质量与履约链路，必要时暂停推广并启动快速退款策略,售后风控主管,2026-05-22 10:35:31.322871
ALERT_000036,PRODUCT_2652,2012-02-06,medium,"{""review_cnt"": 2, ""avg_score"": 3.5, ""low_score_rate"": 0.5, ""anomaly_score"": 0.70687612163203}",建议监控近3日评分与差评词，安排客服主动回访,售后风控主管,2026-05-22 10:35:31.322871
ALERT_000037,PRODUCT_466512,2013-04-06,medium,"{""review_cnt"": 2, ""avg_score"": 3.5, ""low_score_rate"": 0.5, ""anomaly_score"": 0.70687612163203}",建议监控近3日评分与差评词，安排客服主动回访,售后风控主管,2026-05-22 10:35:31.322871
ALERT_000038,PRODUCT_510754,2011-10-03,medium,"{""review_cnt"": 2, ""avg_score"": 3.5, ""low_score_rate"": 0.5, ""anomaly_score"": 0.70687612163203}",建议监控近3日评分与差评词，安排客服主动回访,售后风控主管,2026-05-22 10:35:31.322871
ALERT_000039,PRODUCT_27396,2012-10-23,medium,"{""review_cnt"": 2, ""avg_score"": 3.5, ""low_score_rate"": 0.5, ""anomaly_score"": 0.70687612163203}",建议监控近3日评分与差评词，安排客服主动回访,售后风控主管,2026-05-22 10:35:31.322871
ALERT_000040,PRODUCT_112645,2010-12-16,medium,"{""review_cnt"": 2, ""avg_score"": 3.5, ""low_score_rate"": 0.5, ""anomaly_score"": 0.70687612163203}",建议监控近3日评分与差评词，安排客服主动回访,售后风控主管,2026-05-22 10:35:31.322871
ALERT_000041,PRODUCT_429148,2010-03-09,medium,"{""review_cnt"": 2, ""avg_score"": 3.5, ""low_score_rate"": 0.5, ""anomaly_score"": 0.70687612163203}",建议监控近3日评分与差评词，安排客服主动回访,售后风控主管,2026-05-22 10:35:31.322871
ALERT_000042,PRODUCT_85431,2013-11-19,medium,"{""review_cnt"": 2, ""avg_score"": 3.5, ""low_score_rate"": 0.5, ""anomaly_score"": 0.70687612163203}",建议监控近3日评分与差评词，安排客服主动回访,售后风控主管,2026-05-22 10:35:31.322871
ALERT_000043,PRODUCT_39536,2011-09-12,medium,"{""review_cnt"": 2, ""avg_score"": 3.5, ""low_score_rate"": 0.5, ""anomaly_score"": 0.70687612163203}",建议监控近3日评分与差评词，安排客服主动回访,售后风控主管,2026-05-22 10:35:31.322871
ALERT_000044,PRODUCT_343503,2012-11-13,medium,"{""review_cnt"": 2, ""avg_score"": 3.5, ""low_score_rate"": 0.5, ""anomaly_score"": 0.70687612163203}",建议监控近3日评分与差评词，安排客服主动回访,售后风控主管,2026-05-22 10:35:31.322871
ALERT_000045,PRODUCT_156270,2012-05-09,medium,"{""review_cnt"": 2, ""avg_score"": 3.5, ""low_score_rate"": 0.5, ""anomaly_score"": 0.70687612163203}",建议监控近3日评分与差评词，安排客服主动回访,售后风控主管,2026-05-22 10:35:31.322871
ALERT_000046,PRODUCT_10266,2012-05-06,medium,"{""review_cnt"": 3, ""avg_score"": 4.666666666666667, ""low_score_rate"": 0.0, ""anomaly_score"": 0.6909969881481615}",建议监控近3日评分与差评词，安排客服主动回访,售后风控主管,2026-05-22 10:35:31.322871
ALERT_000047,PRODUCT_402137,2013-11-19,medium,"{""review_cnt"": 2, ""avg_score"": 4.5, ""low_score_rate"": 0.0, ""anomaly_score"": 0.6880000626191193}",建议监控近3日评分与差评词，安排客服主动回访,售后风控主管,2026-05-22 10:35:31.322871
ALERT_000048,PRODUCT_36848,2011-09-17,medium,"{""review_cnt"": 2, ""avg_score"": 4.5, ""low_score_rate"": 0.0, ""anomaly_score"": 0.6880000626191193}",建议监控近3日评分与差评词，安排客服主动回访,售后风控主管,2026-05-22 10:35:31.322871
ALERT_000049,PRODUCT_407428,2012-08-27,medium,"{""review_cnt"": 2, ""avg_score"": 4.5, ""low_score_rate"": 0.0, ""anomaly_score"": 0.6880000626191193}",建议监控近3日评分与差评词，安排客服主动回访,售后风控主管,2026-05-22 10:35:31.322871
ALERT_000050,PRODUCT_408576,2013-04-21,medium,"{""review_cnt"": 2, ""avg_score"": 4.5, ""low_score_rate"": 0.0, ""anomaly_score"": 0.6880000626191193}",建议监控近3日评分与差评词，安排客服主动回访,售后风控主管,2026-05-22 10:35:31.322871
ALERT_000051,PRODUCT_399780,2013-09-05,medium,"{""review_cnt"": 2, ""avg_score"": 4.5, ""low_score_rate"": 0.0, ""anomaly_score"": 0.6880000626191193}",建议监控近3日评分与差评词，安排客服主动回访,售后风控主管,2026-05-22 10:35:31.322871
ALERT_000052,PRODUCT_409522,2012-01-11,medium,"{""review_cnt"": 2, ""avg_score"": 4.5, ""low_score_rate"": 0.0, ""anomaly_score"": 0.6880000626191193}",建议监控近3日评分与差评词，安排客服主动回访,售后风控主管,2026-05-22 10:35:31.322871
ALERT_000053,PRODUCT_383389,2013-03-10,medium,"{""review_cnt"": 2, ""avg_score"": 4.5, ""low_score_rate"": 0.0, ""anomaly_score"": 0.6880000626191193}",建议监控近3日评分与差评词，安排客服主动回访,售后风控主管,2026-05-22 10:35:31.322871
ALERT_000054,PRODUCT_434466,2013-06-21,medium,"{""review_cnt"": 2, ""avg_score"": 4.5, ""low_score_rate"": 0.0, ""anomaly_score"": 0.6880000626191193}",建议监控近3日评分与差评词，安排客服主动回访,售后风控主管,2026-05-22 10:35:31.322871
ALERT_000055,PRODUCT_115572,2013-01-07,medium,"{""review_cnt"": 2, ""avg_score"": 4.5, ""low_score_rate"": 0.0, ""anomaly_score"": 0.6880000626191193}",建议监控近3日评分与差评词，安排客服主动回访,售后风控主管,2026-05-22 10:35:31.322871
ALERT_000056,PRODUCT_376136,2013-10-12,medium,"{""review_cnt"": 2, ""avg_score"": 4.5, ""low_score_rate"": 0.0, ""anomaly_score"": 0.6880000626191193}",建议监控近3日评分与差评词，安排客服主动回访,售后风控主管,2026-05-22 10:35:31.322871
ALERT_000057,PRODUCT_36848,2012-09-02,medium,"{""review_cnt"": 2, ""avg_score"": 4.5, ""low_score_rate"": 0.0, ""anomaly_score"": 0.6880000626191193}",建议监控近3日评分与差评词，安排客服主动回访,售后风控主管,2026-05-22 10:35:31.322871
ALERT_000058,PRODUCT_36848,2012-06-23,medium,"{""review_cnt"": 2, ""avg_score"": 4.5, ""low_score_rate"": 0.0, ""anomaly_score"": 0.6880000626191193}",建议监控近3日评分与差评词，安排客服主动回访,售后风控主管,2026-05-22 10:35:31.322871
ALERT_000059,PRODUCT_399920,2011-12-24,medium,"{""review_cnt"": 2, ""avg_score"": 4.5, ""low_score_rate"": 0.0, ""anomaly_score"": 0.6880000626191193}",建议监控近3日评分与差评词，安排客服主动回访,售后风控主管,2026-05-22 10:35:31.322871
ALERT_000060,PRODUCT_355982,2013-11-16,medium,"{""review_cnt"": 2, ""avg_score"": 4.5, ""low_score_rate"": 0.0, ""anomaly_score"": 0.6880000626191193}",建议监控近3日评分与差评词，安排客服主动回访,售后风控主管,2026-05-22 10:35:31.322871
ALERT_000061,PRODUCT_356582,2011-09-15,medium,"{""review_cnt"": 2, ""avg_score"": 4.5, ""low_score_rate"": 0.0, ""anomaly_score"": 0.6880000626191193}",建议监控近3日评分与差评词，安排客服主动回访,售后风控主管,2026-05-22 10:35:31.322871
ALERT_000062,PRODUCT_319661,2012-09-24,medium,"{""review_cnt"": 2, ""avg_score"": 4.5, ""low_score_rate"": 0.0, ""anomaly_score"": 0.6880000626191193}",建议监控近3日评分与差评词，安排客服主动回访,售后风控主管,2026-05-22 10:35:31.322871
ALERT_000063,PRODUCT_266118,2013-07-29,medium,"{""review_cnt"": 2, ""avg_score"": 4.5, ""low_score_rate"": 0.0, ""anomaly_score"": 0.6880000626191193}",建议监控近3日评分与差评词，安排客服主动回访,售后风控主管,2026-05-22 10:35:31.322871
ALERT_000064,PRODUCT_286316,2013-11-15,medium,"{""review_cnt"": 2, ""avg_score"": 4.5, ""low_score_rate"": 0.0, ""anomaly_score"": 0.6880000626191193}",建议监控近3日评分与差评词，安排客服主动回访,售后风控主管,2026-05-22 10:35:31.322871
ALERT_000065,PRODUCT_289601,2011-12-25,medium,"{""review_cnt"": 2, ""avg_score"": 4.5, ""low_score_rate"": 0.0, ""anomaly_score"": 0.6880000626191193}",建议监控近3日评分与差评词，安排客服主动回访,售后风控主管,2026-05-22 10:35:31.322871
ALERT_000066,PRODUCT_291614,2013-08-17,medium,"{""review_cnt"": 2, ""avg_score"": 4.5, ""low_score_rate"": 0.0, ""anomaly_score"": 0.6880000626191193}",建议监控近3日评分与差评词，安排客服主动回访,售后风控主管,2026-05-22 10:35:31.322871
ALERT_000067,PRODUCT_298120,2012-12-30,medium,"{""review_cnt"": 2, ""avg_score"": 4.5, ""low_score_rate"": 0.0, ""anomaly_score"": 0.6880000626191193}",建议监控近3日评分与差评词，安排客服主动回访,售后风控主管,2026-05-22 10:35:31.322871
ALERT_000068,PRODUCT_309964,2010-03-16,medium,"{""review_cnt"": 2, ""avg_score"": 4.5, ""low_score_rate"": 0.0, ""anomaly_score"": 0.6880000626191193}",建议监控近3日评分与差评词，安排客服主动回访,售后风控主管,2026-05-22 10:35:31.322871
ALERT_000069,PRODUCT_327563,2011-05-28,medium,"{""review_cnt"": 2, ""avg_score"": 4.5, ""low_score_rate"": 0.0, ""anomaly_score"": 0.6880000626191193}",建议监控近3日评分与差评词，安排客服主动回访,售后风控主管,2026-05-22 10:35:31.322871
ALERT_000070,PRODUCT_438670,2011-09-20,medium,"{""review_cnt"": 2, ""avg_score"": 4.5, ""low_score_rate"": 0.0, ""anomaly_score"": 0.6880000626191193}",建议监控近3日评分与差评词，安排客服主动回访,售后风控主管,2026-05-22 10:35:31.322871
ALERT_000071,PRODUCT_328831,2008-08-21,medium,"{""review_cnt"": 2, ""avg_score"": 4.5, ""low_score_rate"": 0.0, ""anomaly_score"": 0.6880000626191193}",建议监控近3日评分与差评词，安排客服主动回访,售后风控主管,2026-05-22 10:35:31.322871
ALERT_000072,PRODUCT_343974,2013-08-07,medium,"{""review_cnt"": 2, ""avg_score"": 4.5, ""low_score_rate"": 0.0, ""anomaly_score"": 0.6880000626191193}",建议监控近3日评分与差评词，安排客服主动回访,售后风控主管,2026-05-22 10:35:31.322871
ALERT_000073,PRODUCT_34420,2013-10-06,medium,"{""review_cnt"": 2, ""avg_score"": 4.5, ""low_score_rate"": 0.0, ""anomaly_score"": 0.6880000626191193}",建议监控近3日评分与差评词，安排客服主动回访,售后风控主管,2026-05-22 10:35:31.322871
ALERT_000074,PRODUCT_123737,2013-08-22,medium,"{""review_cnt"": 2, ""avg_score"": 4.5, ""low_score_rate"": 0.0, ""anomaly_score"": 0.6880000626191193}",建议监控近3日评分与差评词，安排客服主动回访,售后风控主管,2026-05-22 10:35:31.322871
ALERT_000075,PRODUCT_347769,2011-10-04,medium,"{""review_cnt"": 2, ""avg_score"": 4.5, ""low_score_rate"": 0.0, ""anomaly_score"": 0.6880000626191193}",建议监控近3日评分与差评词，安排客服主动回访,售后风控主管,2026-05-22 10:35:31.322871
ALERT_000076,PRODUCT_352857,2008-11-23,medium,"{""review_cnt"": 2, ""avg_score"": 4.5, ""low_score_rate"": 0.0, ""anomaly_score"": 0.6880000626191193}",建议监控近3日评分与差评词，安排客服主动回访,售后风控主管,2026-05-22 10:35:31.322871
ALERT_000077,PRODUCT_436478,2013-01-30,medium,"{""review_cnt"": 2, ""avg_score"": 4.5, ""low_score_rate"": 0.0, ""anomaly_score"": 0.6880000626191193}",建议监控近3日评分与差评词，安排客服主动回访,售后风控主管,2026-05-22 10:35:31.322871
ALERT_000078,PRODUCT_137201,2013-07-21,medium,"{""review_cnt"": 2, ""avg_score"": 4.5, ""low_score_rate"": 0.0, ""anomaly_score"": 0.6880000626191193}",建议监控近3日评分与差评词，安排客服主动回访,售后风控主管,2026-05-22 10:35:31.322871
ALERT_000079,PRODUCT_441014,2011-05-29,medium,"{""review_cnt"": 2, ""avg_score"": 4.5, ""low_score_rate"": 0.0, ""anomaly_score"": 0.6880000626191193}",建议监控近3日评分与差评词，安排客服主动回访,售后风控主管,2026-05-22 10:35:31.322871
ALERT_000080,PRODUCT_70032,2013-09-28,medium,"{""review_cnt"": 2, ""avg_score"": 4.5, ""low_score_rate"": 0.0, ""anomaly_score"": 0.6880000626191193}",建议监控近3日评分与差评词，安排客服主动回访,售后风控主管,2026-05-22 10:35:31.322871
ALERT_000081,PRODUCT_505565,2011-06-13,medium,"{""review_cnt"": 2, ""avg_score"": 4.5, ""low_score_rate"": 0.0, ""anomaly_score"": 0.6880000626191193}",建议监控近3日评分与差评词，安排客服主动回访,售后风控主管,2026-05-22 10:35:31.322871
ALERT_000082,PRODUCT_509551,2011-03-22,medium,"{""review_cnt"": 2, ""avg_score"": 4.5, ""low_score_rate"": 0.0, ""anomaly_score"": 0.6880000626191193}",建议监控近3日评分与差评词，安排客服主动回访,售后风控主管,2026-05-22 10:35:31.322871
ALERT_000083,PRODUCT_517747,2013-01-25,medium,"{""review_cnt"": 2, ""avg_score"": 4.5, ""low_score_rate"": 0.0, ""anomaly_score"": 0.6880000626191193}",建议监控近3日评分与差评词，安排客服主动回访,售后风控主管,2026-05-22 10:35:31.322871
ALERT_000084,PRODUCT_55338,2011-07-08,medium,"{""review_cnt"": 2, ""avg_score"": 4.5, ""low_score_rate"": 0.0, ""anomaly_score"": 0.6880000626191193}",建议监控近3日评分与差评词，安排客服主动回访,售后风控主管,2026-05-22 10:35:31.322871
ALERT_000085,PRODUCT_10650,2013-04-12,medium,"{""review_cnt"": 2, ""avg_score"": 4.5, ""low_score_rate"": 0.0, ""anomaly_score"": 0.6880000626191193}",建议监控近3日评分与差评词，安排客服主动回访,售后风控主管,2026-05-22 10:35:31.322871
ALERT_000086,PRODUCT_58784,2013-06-24,medium,"{""review_cnt"": 2, ""avg_score"": 4.5, ""low_score_rate"": 0.0, ""anomaly_score"": 0.6880000626191193}",建议监控近3日评分与差评词，安排客服主动回访,售后风控主管,2026-05-22 10:35:31.322871
ALERT_000087,PRODUCT_69615,2013-08-08,medium,"{""review_cnt"": 2, ""avg_score"": 4.5, ""low_score_rate"": 0.0, ""anomaly_score"": 0.6880000626191193}",建议监控近3日评分与差评词，安排客服主动回访,售后风控主管,2026-05-22 10:35:31.322871
ALERT_000088,PRODUCT_75396,2013-07-15,medium,"{""review_cnt"": 2, ""avg_score"": 4.5, ""low_score_rate"": 0.0, ""anomaly_score"": 0.6880000626191193}",建议监控近3日评分与差评词，安排客服主动回访,售后风控主管,2026-05-22 10:35:31.322871
ALERT_000089,PRODUCT_446455,2012-07-10,medium,"{""review_cnt"": 2, ""avg_score"": 4.5, ""low_score_rate"": 0.0, ""anomaly_score"": 0.6880000626191193}",建议监控近3日评分与差评词，安排客服主动回访,售后风控主管,2026-05-22 10:35:31.322871
ALERT_000090,PRODUCT_78664,2008-04-25,medium,"{""review_cnt"": 2, ""avg_score"": 4.5, ""low_score_rate"": 0.0, ""anomaly_score"": 0.6880000626191193}",建议监控近3日评分与差评词，安排客服主动回访,售后风控主管,2026-05-22 10:35:31.322871
ALERT_000091,PRODUCT_79018,2013-07-24,medium,"{""review_cnt"": 2, ""avg_score"": 4.5, ""low_score_rate"": 0.0, ""anomaly_score"": 0.6880000626191193}",建议监控近3日评分与差评词，安排客服主动回访,售后风控主管,2026-05-22 10:35:31.322871
ALERT_000092,PRODUCT_82820,2011-10-17,medium,"{""review_cnt"": 2, ""avg_score"": 4.5, ""low_score_rate"": 0.0, ""anomaly_score"": 0.6880000626191193}",建议监控近3日评分与差评词，安排客服主动回访,售后风控主管,2026-05-22 10:35:31.322871
ALERT_000093,PRODUCT_92260,2012-02-17,medium,"{""review_cnt"": 2, ""avg_score"": 4.5, ""low_score_rate"": 0.0, ""anomaly_score"": 0.6880000626191193}",建议监控近3日评分与差评词，安排客服主动回访,售后风控主管,2026-05-22 10:35:31.322871
ALERT_000094,PRODUCT_92603,2012-03-21,medium,"{""review_cnt"": 2, ""avg_score"": 4.5, ""low_score_rate"": 0.0, ""anomaly_score"": 0.6880000626191193}",建议监控近3日评分与差评词，安排客服主动回访,售后风控主管,2026-05-22 10:35:31.322871
ALERT_000095,PRODUCT_94270,2011-12-15,medium,"{""review_cnt"": 2, ""avg_score"": 4.5, ""low_score_rate"": 0.0, ""anomaly_score"": 0.6880000626191193}",建议监控近3日评分与差评词，安排客服主动回访,售后风控主管,2026-05-22 10:35:31.322871
ALERT_000096,PRODUCT_96266,2013-01-30,medium,"{""review_cnt"": 2, ""avg_score"": 4.5, ""low_score_rate"": 0.0, ""anomaly_score"": 0.6880000626191193}",建议监控近3日评分与差评词，安排客服主动回访,售后风控主管,2026-05-22 10:35:31.322871
ALERT_000097,PRODUCT_108435,2013-04-01,medium,"{""review_cnt"": 2, ""avg_score"": 4.5, ""low_score_rate"": 0.0, ""anomaly_score"": 0.6880000626191193}",建议监控近3日评分与差评词，安排客服主动回访,售后风控主管,2026-05-22 10:35:31.322871
ALERT_000098,PRODUCT_500758,2013-04-10,medium,"{""review_cnt"": 2, ""avg_score"": 4.5, ""low_score_rate"": 0.0, ""anomaly_score"": 0.6880000626191193}",建议监控近3日评分与差评词，安排客服主动回访,售后风控主管,2026-05-22 10:35:31.322871
ALERT_000099,PRODUCT_500655,2013-08-19,medium,"{""review_cnt"": 2, ""avg_score"": 4.5, ""low_score_rate"": 0.0, ""anomaly_score"": 0.6880000626191193}",建议监控近3日评分与差评词，安排客服主动回访,售后风控主管,2026-05-22 10:35:31.322871
ALERT_000100,PRODUCT_498623,2009-11-24,medium,"{""review_cnt"": 2, ""avg_score"": 4.5, ""low_score_rate"": 0.0, ""anomaly_score"": 0.6880000626191193}",建议监控近3日评分与差评词，安排客服主动回访,售后风控主管,2026-05-22 10:35:31.322871
ALERT_000101,PRODUCT_263508,2012-03-03,medium,"{""review_cnt"": 2, ""avg_score"": 4.5, ""low_score_rate"": 0.0, ""anomaly_score"": 0.6880000626191193}",建议监控近3日评分与差评词，安排客服主动回访,售后风控主管,2026-05-22 10:35:31.322871
ALERT_000102,PRODUCT_452941,2012-04-17,medium,"{""review_cnt"": 2, ""avg_score"": 4.5, ""low_score_rate"": 0.0, ""anomaly_score"": 0.6880000626191193}",建议监控近3日评分与差评词，安排客服主动回访,售后风控主管,2026-05-22 10:35:31.322871
ALERT_000103,PRODUCT_109357,2013-10-15,medium,"{""review_cnt"": 2, ""avg_score"": 4.5, ""low_score_rate"": 0.0, ""anomaly_score"": 0.6880000626191193}",建议监控近3日评分与差评词，安排客服主动回访,售后风控主管,2026-05-22 10:35:31.322871
ALERT_000104,PRODUCT_109195,2013-07-05,medium,"{""review_cnt"": 2, ""avg_score"": 4.5, ""low_score_rate"": 0.0, ""anomaly_score"": 0.6880000626191193}",建议监控近3日评分与差评词，安排客服主动回访,售后风控主管,2026-05-22 10:35:31.322871
ALERT_000105,PRODUCT_457344,2011-10-04,medium,"{""review_cnt"": 2, ""avg_score"": 4.5, ""low_score_rate"": 0.0, ""anomaly_score"": 0.6880000626191193}",建议监控近3日评分与差评词，安排客服主动回访,售后风控主管,2026-05-22 10:35:31.322871
ALERT_000106,PRODUCT_459243,2013-09-16,medium,"{""review_cnt"": 2, ""avg_score"": 4.5, ""low_score_rate"": 0.0, ""anomaly_score"": 0.6880000626191193}",建议监控近3日评分与差评词，安排客服主动回访,售后风控主管,2026-05-22 10:35:31.322871
ALERT_000107,PRODUCT_461911,2009-03-11,medium,"{""review_cnt"": 2, ""avg_score"": 4.5, ""low_score_rate"": 0.0, ""anomaly_score"": 0.6880000626191193}",建议监控近3日评分与差评词，安排客服主动回访,售后风控主管,2026-05-22 10:35:31.322871
ALERT_000108,PRODUCT_467718,2008-11-26,medium,"{""review_cnt"": 2, ""avg_score"": 4.5, ""low_score_rate"": 0.0, ""anomaly_score"": 0.6880000626191193}",建议监控近3日评分与差评词，安排客服主动回访,售后风控主管,2026-05-22 10:35:31.322871
ALERT_000109,PRODUCT_468397,2010-04-05,medium,"{""review_cnt"": 2, ""avg_score"": 4.5, ""low_score_rate"": 0.0, ""anomaly_score"": 0.6880000626191193}",建议监控近3日评分与差评词，安排客服主动回访,售后风控主管,2026-05-22 10:35:31.322871
ALERT_000110,PRODUCT_471685,2013-05-23,medium,"{""review_cnt"": 2, ""avg_score"": 4.5, ""low_score_rate"": 0.0, ""anomaly_score"": 0.6880000626191193}",建议监控近3日评分与差评词，安排客服主动回访,售后风控主管,2026-05-22 10:35:31.322871
ALERT_000111,PRODUCT_108865,2013-03-15,medium,"{""review_cnt"": 2, ""avg_score"": 4.5, ""low_score_rate"": 0.0, ""anomaly_score"": 0.6880000626191193}",建议监控近3日评分与差评词，安排客服主动回访,售后风控主管,2026-05-22 10:35:31.322871
ALERT_000112,PRODUCT_108865,2012-11-22,medium,"{""review_cnt"": 2, ""avg_score"": 4.5, ""low_score_rate"": 0.0, ""anomaly_score"": 0.6880000626191193}",建议监控近3日评分与差评词，安排客服主动回访,售后风控主管,2026-05-22 10:35:31.322871
ALERT_000113,PRODUCT_489590,2013-07-13,medium,"{""review_cnt"": 2, ""avg_score"": 4.5, ""low_score_rate"": 0.0, ""anomaly_score"": 0.6880000626191193}",建议监控近3日评分与差评词，安排客服主动回访,售后风控主管,2026-05-22 10:35:31.322871
ALERT_000114,PRODUCT_108865,2012-09-26,medium,"{""review_cnt"": 2, ""avg_score"": 4.5, ""low_score_rate"": 0.0, ""anomaly_score"": 0.6880000626191193}",建议监控近3日评分与差评词，安排客服主动回访,售后风控主管,2026-05-22 10:35:31.322871
ALERT_000115,PRODUCT_49262,2009-03-24,medium,"{""review_cnt"": 2, ""avg_score"": 4.5, ""low_score_rate"": 0.0, ""anomaly_score"": 0.6880000626191193}",建议监控近3日评分与差评词，安排客服主动回访,售后风控主管,2026-05-22 10:35:31.322871
ALERT_000116,PRODUCT_447759,2013-04-03,medium,"{""review_cnt"": 2, ""avg_score"": 4.5, ""low_score_rate"": 0.0, ""anomaly_score"": 0.6880000626191193}",建议监控近3日评分与差评词，安排客服主动回访,售后风控主管,2026-05-22 10:35:31.322871
ALERT_000117,PRODUCT_377086,2012-01-10,medium,"{""review_cnt"": 2, ""avg_score"": 4.5, ""low_score_rate"": 0.0, ""anomaly_score"": 0.6880000626191193}",建议监控近3日评分与差评词，安排客服主动回访,售后风控主管,2026-05-22 10:35:31.322871
ALERT_000118,PRODUCT_21240,2012-10-22,medium,"{""review_cnt"": 2, ""avg_score"": 4.5, ""low_score_rate"": 0.0, ""anomaly_score"": 0.6880000626191193}",建议监控近3日评分与差评词，安排客服主动回访,售后风控主管,2026-05-22 10:35:31.322871
ALERT_000119,PRODUCT_172759,2011-10-26,medium,"{""review_cnt"": 2, ""avg_score"": 4.5, ""low_score_rate"": 0.0, ""anomaly_score"": 0.6880000626191193}",建议监控近3日评分与差评词，安排客服主动回访,售后风控主管,2026-05-22 10:35:31.322871
ALERT_000120,PRODUCT_243075,2013-08-22,medium,"{""review_cnt"": 2, ""avg_score"": 4.5, ""low_score_rate"": 0.0, ""anomaly_score"": 0.6880000626191193}",建议监控近3日评分与差评词，安排客服主动回访,售后风控主管,2026-05-22 10:35:31.322871
ALERT_000121,PRODUCT_228638,2008-02-18,medium,"{""review_cnt"": 2, ""avg_score"": 4.5, ""low_score_rate"": 0.0, ""anomaly_score"": 0.6880000626191193}",建议监控近3日评分与差评词，安排客服主动回访,售后风控主管,2026-05-22 10:35:31.322871
ALERT_000122,PRODUCT_225775,2013-02-16,medium,"{""review_cnt"": 2, ""avg_score"": 4.5, ""low_score_rate"": 0.0, ""anomaly_score"": 0.6880000626191193}",建议监控近3日评分与差评词，安排客服主动回访,售后风控主管,2026-05-22 10:35:31.322871
ALERT_000123,PRODUCT_21826,2012-12-10,medium,"{""review_cnt"": 2, ""avg_score"": 4.5, ""low_score_rate"": 0.0, ""anomaly_score"": 0.6880000626191193}",建议监控近3日评分与差评词，安排客服主动回访,售后风控主管,2026-05-22 10:35:31.322871
ALERT_000124,PRODUCT_26326,2011-10-20,medium,"{""review_cnt"": 2, ""avg_score"": 4.5, ""low_score_rate"": 0.0, ""anomaly_score"": 0.6880000626191193}",建议监控近3日评分与差评词，安排客服主动回访,售后风控主管,2026-05-22 10:35:31.322871
ALERT_000125,PRODUCT_256314,2009-09-23,medium,"{""review_cnt"": 2, ""avg_score"": 4.5, ""low_score_rate"": 0.0, ""anomaly_score"": 0.6880000626191193}",建议监控近3日评分与差评词，安排客服主动回访,售后风控主管,2026-05-22 10:35:31.322871
ALERT_000126,PRODUCT_200508,2012-03-24,medium,"{""review_cnt"": 2, ""avg_score"": 4.5, ""low_score_rate"": 0.0, ""anomaly_score"": 0.6880000626191193}",建议监控近3日评分与差评词，安排客服主动回访,售后风控主管,2026-05-22 10:35:31.322871
ALERT_000127,PRODUCT_200161,2013-04-26,medium,"{""review_cnt"": 2, ""avg_score"": 4.5, ""low_score_rate"": 0.0, ""anomaly_score"": 0.6880000626191193}",建议监控近3日评分与差评词，安排客服主动回访,售后风控主管,2026-05-22 10:35:31.322871
ALERT_000128,PRODUCT_19845,2010-11-17,medium,"{""review_cnt"": 2, ""avg_score"": 4.5, ""low_score_rate"": 0.0, ""anomaly_score"": 0.6880000626191193}",建议监控近3日评分与差评词，安排客服主动回访,售后风控主管,2026-05-22 10:35:31.322871
ALERT_000129,PRODUCT_196449,2013-04-25,medium,"{""review_cnt"": 2, ""avg_score"": 4.5, ""low_score_rate"": 0.0, ""anomaly_score"": 0.6880000626191193}",建议监控近3日评分与差评词，安排客服主动回访,售后风控主管,2026-05-22 10:35:31.322871
ALERT_000130,PRODUCT_192005,2013-07-15,medium,"{""review_cnt"": 2, ""avg_score"": 4.5, ""low_score_rate"": 0.0, ""anomaly_score"": 0.6880000626191193}",建议监控近3日评分与差评词，安排客服主动回访,售后风控主管,2026-05-22 10:35:31.322871
ALERT_000131,PRODUCT_187299,2013-12-02,medium,"{""review_cnt"": 2, ""avg_score"": 4.5, ""low_score_rate"": 0.0, ""anomaly_score"": 0.6880000626191193}",建议监控近3日评分与差评词，安排客服主动回访,售后风控主管,2026-05-22 10:35:31.322871
ALERT_000132,PRODUCT_24340,2012-05-25,medium,"{""review_cnt"": 2, ""avg_score"": 4.5, ""low_score_rate"": 0.0, ""anomaly_score"": 0.6880000626191193}",建议监控近3日评分与差评词，安排客服主动回访,售后风控主管,2026-05-22 10:35:31.322871
ALERT_000133,PRODUCT_171770,2012-05-18,medium,"{""review_cnt"": 2, ""avg_score"": 4.5, ""low_score_rate"": 0.0, ""anomaly_score"": 0.6880000626191193}",建议监控近3日评分与差评词，安排客服主动回访,售后风控主管,2026-05-22 10:35:31.322871
ALERT_000134,PRODUCT_157554,2013-09-04,medium,"{""review_cnt"": 2, ""avg_score"": 4.5, ""low_score_rate"": 0.0, ""anomaly_score"": 0.6880000626191193}",建议监控近3日评分与差评词，安排客服主动回访,售后风控主管,2026-05-22 10:35:31.322871
ALERT_000135,PRODUCT_136437,2008-11-24,medium,"{""review_cnt"": 2, ""avg_score"": 4.5, ""low_score_rate"": 0.0, ""anomaly_score"": 0.6880000626191193}",建议监控近3日评分与差评词，安排客服主动回访,售后风控主管,2026-05-22 10:35:31.322871
ALERT_000136,PRODUCT_1531,2011-05-12,medium,"{""review_cnt"": 2, ""avg_score"": 4.5, ""low_score_rate"": 0.0, ""anomaly_score"": 0.6880000626191193}",建议监控近3日评分与差评词，安排客服主动回访,售后风控主管,2026-05-22 10:35:31.322871
ALERT_000137,PRODUCT_140157,2013-08-17,medium,"{""review_cnt"": 2, ""avg_score"": 4.5, ""low_score_rate"": 0.0, ""anomaly_score"": 0.6880000626191193}",建议监控近3日评分与差评词，安排客服主动回访,售后风控主管,2026-05-22 10:35:31.322871
ALERT_000138,PRODUCT_137088,2011-02-16,medium,"{""review_cnt"": 2, ""avg_score"": 4.5, ""low_score_rate"": 0.0, ""anomaly_score"": 0.6880000626191193}",建议监控近3日评分与差评词，安排客服主动回访,售后风控主管,2026-05-22 10:35:31.322871
ALERT_000139,PRODUCT_146332,2013-09-15,medium,"{""review_cnt"": 2, ""avg_score"": 4.5, ""low_score_rate"": 0.0, ""anomaly_score"": 0.6880000626191193}",建议监控近3日评分与差评词，安排客服主动回访,售后风控主管,2026-05-22 10:35:31.322871
ALERT_000140,PRODUCT_142804,2011-04-08,medium,"{""review_cnt"": 2, ""avg_score"": 4.5, ""low_score_rate"": 0.0, ""anomaly_score"": 0.6880000626191193}",建议监控近3日评分与差评词，安排客服主动回访,售后风控主管,2026-05-22 10:35:31.322871
ALERT_000141,PRODUCT_10266,2012-07-25,medium,"{""review_cnt"": 5, ""avg_score"": 4.8, ""low_score_rate"": 0.0, ""anomaly_score"": 0.684867911427769}",建议监控近3日评分与差评词，安排客服主动回访,售后风控主管,2026-05-22 10:35:31.322871
ALERT_000142,PRODUCT_92690,2013-03-17,medium,"{""review_cnt"": 3, ""avg_score"": 4.0, ""low_score_rate"": 0.3333333333333333, ""anomaly_score"": 0.6844680737973501}",建议监控近3日评分与差评词，安排客服主动回访,售后风控主管,2026-05-22 10:35:31.322871
ALERT_000143,PRODUCT_115122,2012-06-06,medium,"{""review_cnt"": 3, ""avg_score"": 4.333333333333333, ""low_score_rate"": 0.0, ""anomaly_score"": 0.6839434011428108}",建议监控近3日评分与差评词，安排客服主动回访,售后风控主管,2026-05-22 10:35:31.322871
ALERT_000144,PRODUCT_156270,2012-03-31,medium,"{""review_cnt"": 3, ""avg_score"": 4.333333333333333, ""low_score_rate"": 0.0, ""anomaly_score"": 0.6839434011428108}",建议监控近3日评分与差评词，安排客服主动回访,售后风控主管,2026-05-22 10:35:31.322871
ALERT_000145,PRODUCT_440984,2012-04-05,medium,"{""review_cnt"": 3, ""avg_score"": 4.333333333333333, ""low_score_rate"": 0.0, ""anomaly_score"": 0.6839434011428108}",建议监控近3日评分与差评词，安排客服主动回访,售后风控主管,2026-05-22 10:35:31.322871
ALERT_000146,PRODUCT_488645,2013-08-23,medium,"{""review_cnt"": 2, ""avg_score"": 3.0, ""low_score_rate"": 0.0, ""anomaly_score"": 0.6835809009528371}",建议监控近3日评分与差评词，安排客服主动回访,售后风控主管,2026-05-22 10:35:31.322871
ALERT_000147,PRODUCT_20614,2013-01-06,medium,"{""review_cnt"": 2, ""avg_score"": 3.0, ""low_score_rate"": 0.0, ""anomaly_score"": 0.6835809009528371}",建议监控近3日评分与差评词，安排客服主动回访,售后风控主管,2026-05-22 10:35:31.322871
ALERT_000148,PRODUCT_342242,2012-02-02,medium,"{""review_cnt"": 2, ""avg_score"": 3.0, ""low_score_rate"": 0.0, ""anomaly_score"": 0.6835809009528371}",建议监控近3日评分与差评词，安排客服主动回访,售后风控主管,2026-05-22 10:35:31.322871
ALERT_000149,PRODUCT_156270,2012-06-10,medium,"{""review_cnt"": 2, ""avg_score"": 3.0, ""low_score_rate"": 0.0, ""anomaly_score"": 0.6835809009528371}",建议监控近3日评分与差评词，安排客服主动回访,售后风控主管,2026-05-22 10:35:31.322871
ALERT_000150,PRODUCT_186136,2008-02-21,medium,"{""review_cnt"": 2, ""avg_score"": 3.0, ""low_score_rate"": 0.0, ""anomaly_score"": 0.6835809009528371}",建议监控近3日评分与差评词，安排客服主动回访,售后风控主管,2026-05-22 10:35:31.322871
ALERT_000151,PRODUCT_2652,2011-01-12,medium,"{""review_cnt"": 2, ""avg_score"": 3.0, ""low_score_rate"": 0.0, ""anomaly_score"": 0.6835809009528371}",建议监控近3日评分与差评词，安排客服主动回访,售后风控主管,2026-05-22 10:35:31.322871
ALERT_000152,PRODUCT_303996,2013-11-18,medium,"{""review_cnt"": 2, ""avg_score"": 3.0, ""low_score_rate"": 0.0, ""anomaly_score"": 0.6835809009528371}",建议监控近3日评分与差评词，安排客服主动回访,售后风控主管,2026-05-22 10:35:31.322871
ALERT_000153,PRODUCT_389648,2012-09-12,medium,"{""review_cnt"": 7, ""avg_score"": 4.857142857142857, ""low_score_rate"": 0.0, ""anomaly_score"": 0.6801490495998505}",建议监控近3日评分与差评词，安排客服主动回访,售后风控主管,2026-05-22 10:35:31.322871
ALERT_000154,PRODUCT_343715,2013-11-10,medium,"{""review_cnt"": 2, ""avg_score"": 3.5, ""low_score_rate"": 0.0, ""anomaly_score"": 0.6767857114472258}",建议监控近3日评分与差评词，安排客服主动回访,售后风控主管,2026-05-22 10:35:31.322871
ALERT_000155,PRODUCT_39277,2013-08-01,medium,"{""review_cnt"": 2, ""avg_score"": 3.5, ""low_score_rate"": 0.0, ""anomaly_score"": 0.6767857114472258}",建议监控近3日评分与差评词，安排客服主动回访,售后风控主管,2026-05-22 10:35:31.322871
ALERT_000156,PRODUCT_412046,2010-08-29,medium,"{""review_cnt"": 2, ""avg_score"": 3.5, ""low_score_rate"": 0.0, ""anomaly_score"": 0.6767857114472258}",建议监控近3日评分与差评词，安排客服主动回访,售后风控主管,2026-05-22 10:35:31.322871
ALERT_000157,PRODUCT_416440,2009-01-12,medium,"{""review_cnt"": 2, ""avg_score"": 3.5, ""low_score_rate"": 0.0, ""anomaly_score"": 0.6767857114472258}",建议监控近3日评分与差评词，安排客服主动回访,售后风控主管,2026-05-22 10:35:31.322871
ALERT_000158,PRODUCT_325977,2012-09-17,medium,"{""review_cnt"": 2, ""avg_score"": 3.5, ""low_score_rate"": 0.0, ""anomaly_score"": 0.6767857114472258}",建议监控近3日评分与差评词，安排客服主动回访,售后风控主管,2026-05-22 10:35:31.322871
ALERT_000159,PRODUCT_205895,2010-03-25,medium,"{""review_cnt"": 2, ""avg_score"": 3.5, ""low_score_rate"": 0.0, ""anomaly_score"": 0.6767857114472258}",建议监控近3日评分与差评词，安排客服主动回访,售后风控主管,2026-05-22 10:35:31.322871
ALERT_000160,PRODUCT_454608,2013-07-17,medium,"{""review_cnt"": 2, ""avg_score"": 3.5, ""low_score_rate"": 0.0, ""anomaly_score"": 0.6767857114472258}",建议监控近3日评分与差评词，安排客服主动回访,售后风控主管,2026-05-22 10:35:31.322871
ALERT_000161,PRODUCT_374704,2009-06-15,medium,"{""review_cnt"": 2, ""avg_score"": 3.5, ""low_score_rate"": 0.0, ""anomaly_score"": 0.6767857114472258}",建议监控近3日评分与差评词，安排客服主动回访,售后风控主管,2026-05-22 10:35:31.322871
ALERT_000162,PRODUCT_130445,2010-12-30,medium,"{""review_cnt"": 2, ""avg_score"": 3.5, ""low_score_rate"": 0.0, ""anomaly_score"": 0.6767857114472258}",建议监控近3日评分与差评词，安排客服主动回访,售后风控主管,2026-05-22 10:35:31.322871
ALERT_000163,PRODUCT_467963,2008-08-18,medium,"{""review_cnt"": 2, ""avg_score"": 3.5, ""low_score_rate"": 0.0, ""anomaly_score"": 0.6767857114472258}",建议监控近3日评分与差评词，安排客服主动回访,售后风控主管,2026-05-22 10:35:31.322871
ALERT_000164,PRODUCT_481927,2013-08-24,medium,"{""review_cnt"": 2, ""avg_score"": 3.5, ""low_score_rate"": 0.0, ""anomaly_score"": 0.6767857114472258}",建议监控近3日评分与差评词，安排客服主动回访,售后风控主管,2026-05-22 10:35:31.322871
ALERT_000165,PRODUCT_486455,2009-04-10,medium,"{""review_cnt"": 2, ""avg_score"": 3.5, ""low_score_rate"": 0.0, ""anomaly_score"": 0.6767857114472258}",建议监控近3日评分与差评词，安排客服主动回访,售后风控主管,2026-05-22 10:35:31.322871
ALERT_000166,PRODUCT_294175,2009-11-25,medium,"{""review_cnt"": 2, ""avg_score"": 3.5, ""low_score_rate"": 0.0, ""anomaly_score"": 0.6767857114472258}",建议监控近3日评分与差评词，安排客服主动回访,售后风控主管,2026-05-22 10:35:31.322871
ALERT_000167,PRODUCT_180740,2013-09-26,medium,"{""review_cnt"": 2, ""avg_score"": 3.5, ""low_score_rate"": 0.0, ""anomaly_score"": 0.6767857114472258}",建议监控近3日评分与差评词，安排客服主动回访,售后风控主管,2026-05-22 10:35:31.322871
ALERT_000168,PRODUCT_507583,2013-08-11,medium,"{""review_cnt"": 2, ""avg_score"": 3.5, ""low_score_rate"": 0.0, ""anomaly_score"": 0.6767857114472258}",建议监控近3日评分与差评词，安排客服主动回访,售后风控主管,2026-05-22 10:35:31.322871
ALERT_000169,PRODUCT_10529,2013-05-24,medium,"{""review_cnt"": 2, ""avg_score"": 3.5, ""low_score_rate"": 0.0, ""anomaly_score"": 0.6767857114472258}",建议监控近3日评分与差评词，安排客服主动回访,售后风控主管,2026-05-22 10:35:31.322871
ALERT_000170,PRODUCT_143473,2012-09-07,medium,"{""review_cnt"": 2, ""avg_score"": 3.5, ""low_score_rate"": 0.0, ""anomaly_score"": 0.6767857114472258}",建议监控近3日评分与差评词，安排客服主动回访,售后风控主管,2026-05-22 10:35:31.322871
ALERT_000171,PRODUCT_389648,2012-09-11,medium,"{""review_cnt"": 7, ""avg_score"": 5.0, ""low_score_rate"": 0.0, ""anomaly_score"": 0.6756567592131564}",建议监控近3日评分与差评词，安排客服主动回访,售后风控主管,2026-05-22 10:35:31.322871
ALERT_000172,PRODUCT_453833,2012-01-07,medium,"{""review_cnt"": 3, ""avg_score"": 5.0, ""low_score_rate"": 0.0, ""anomaly_score"": 0.6754282278121557}",建议监控近3日评分与差评词，安排客服主动回访,售后风控主管,2026-05-22 10:35:31.322871
ALERT_000173,PRODUCT_440984,2011-12-27,medium,"{""review_cnt"": 3, ""avg_score"": 5.0, ""low_score_rate"": 0.0, ""anomaly_score"": 0.6754282278121557}",建议监控近3日评分与差评词，安排客服主动回访,售后风控主管,2026-05-22 10:35:31.322871
ALERT_000174,PRODUCT_504489,2011-09-21,medium,"{""review_cnt"": 3, ""avg_score"": 5.0, ""low_score_rate"": 0.0, ""anomaly_score"": 0.6754282278121557}",建议监控近3日评分与差评词，安排客服主动回访,售后风控主管,2026-05-22 10:35:31.322871
ALERT_000175,PRODUCT_68870,2013-10-08,medium,"{""review_cnt"": 3, ""avg_score"": 5.0, ""low_score_rate"": 0.0, ""anomaly_score"": 0.6754282278121557}",建议监控近3日评分与差评词，安排客服主动回访,售后风控主管,2026-05-22 10:35:31.322871
ALERT_000176,PRODUCT_221220,2012-09-08,medium,"{""review_cnt"": 3, ""avg_score"": 5.0, ""low_score_rate"": 0.0, ""anomaly_score"": 0.6754282278121557}",建议监控近3日评分与差评词，安排客服主动回访,售后风控主管,2026-05-22 10:35:31.322871
ALERT_000177,PRODUCT_115122,2012-06-02,medium,"{""review_cnt"": 3, ""avg_score"": 5.0, ""low_score_rate"": 0.0, ""anomaly_score"": 0.6754282278121557}",建议监控近3日评分与差评词，安排客服主动回访,售后风控主管,2026-05-22 10:35:31.322871
ALERT_000178,PRODUCT_398904,2008-03-31,medium,"{""review_cnt"": 3, ""avg_score"": 5.0, ""low_score_rate"": 0.0, ""anomaly_score"": 0.6754282278121557}",建议监控近3日评分与差评词，安排客服主动回访,售后风控主管,2026-05-22 10:35:31.322871
ALERT_000179,PRODUCT_92690,2012-12-26,medium,"{""review_cnt"": 3, ""avg_score"": 5.0, ""low_score_rate"": 0.0, ""anomaly_score"": 0.6754282278121557}",建议监控近3日评分与差评词，安排客服主动回访,售后风控主管,2026-05-22 10:35:31.322871
ALERT_000180,PRODUCT_333173,2013-10-10,medium,"{""review_cnt"": 5, ""avg_score"": 5.0, ""low_score_rate"": 0.0, ""anomaly_score"": 0.6754282278121557}",建议监控近3日评分与差评词，安排客服主动回访,售后风控主管,2026-05-22 10:35:31.322871
ALERT_000181,PRODUCT_359389,2013-07-23,medium,"{""review_cnt"": 3, ""avg_score"": 5.0, ""low_score_rate"": 0.0, ""anomaly_score"": 0.6754282278121557}",建议监控近3日评分与差评词，安排客服主动回访,售后风控主管,2026-05-22 10:35:31.322871
ALERT_000182,PRODUCT_342021,2010-10-17,medium,"{""review_cnt"": 3, ""avg_score"": 5.0, ""low_score_rate"": 0.0, ""anomaly_score"": 0.6754282278121557}",建议监控近3日评分与差评词，安排客服主动回访,售后风控主管,2026-05-22 10:35:31.322871
ALERT_000183,PRODUCT_333173,2013-11-16,medium,"{""review_cnt"": 3, ""avg_score"": 5.0, ""low_score_rate"": 0.0, ""anomaly_score"": 0.6754282278121557}",建议监控近3日评分与差评词，安排客服主动回访,售后风控主管,2026-05-22 10:35:31.322871
ALERT_000184,PRODUCT_112645,2011-02-17,medium,"{""review_cnt"": 3, ""avg_score"": 3.6666666666666665, ""low_score_rate"": 0.0, ""anomaly_score"": 0.6740132235170472}",建议监控近3日评分与差评词，安排客服主动回访,售后风控主管,2026-05-22 10:35:31.322871
ALERT_000185,PRODUCT_364936,2007-02-02,medium,"{""review_cnt"": 2, ""avg_score"": 5.0, ""low_score_rate"": 0.0, ""anomaly_score"": 0.6682994283801027}",建议监控近3日评分与差评词，安排客服主动回访,售后风控主管,2026-05-22 10:35:31.322871
ALERT_000186,PRODUCT_50246,2012-02-22,medium,"{""review_cnt"": 2, ""avg_score"": 5.0, ""low_score_rate"": 0.0, ""anomaly_score"": 0.6682994283801027}",建议监控近3日评分与差评词，安排客服主动回访,售后风控主管,2026-05-22 10:35:31.322871
ALERT_000187,PRODUCT_178168,2013-05-18,medium,"{""review_cnt"": 2, ""avg_score"": 5.0, ""low_score_rate"": 0.0, ""anomaly_score"": 0.6682994283801027}",建议监控近3日评分与差评词，安排客服主动回访,售后风控主管,2026-05-22 10:35:31.322871
ALERT_000188,PRODUCT_290378,2013-07-31,medium,"{""review_cnt"": 2, ""avg_score"": 5.0, ""low_score_rate"": 0.0, ""anomaly_score"": 0.6682994283801027}",建议监控近3日评分与差评词，安排客服主动回访,售后风控主管,2026-05-22 10:35:31.322871
ALERT_000189,PRODUCT_289601,2013-04-27,medium,"{""review_cnt"": 2, ""avg_score"": 5.0, ""low_score_rate"": 0.0, ""anomaly_score"": 0.6682994283801027}",建议监控近3日评分与差评词，安排客服主动回访,售后风控主管,2026-05-22 10:35:31.322871
ALERT_000190,PRODUCT_17097,2013-09-12,medium,"{""review_cnt"": 2, ""avg_score"": 5.0, ""low_score_rate"": 0.0, ""anomaly_score"": 0.6682994283801027}",建议监控近3日评分与差评词，安排客服主动回访,售后风控主管,2026-05-22 10:35:31.322871
ALERT_000191,PRODUCT_501779,2013-11-15,medium,"{""review_cnt"": 2, ""avg_score"": 5.0, ""low_score_rate"": 0.0, ""anomaly_score"": 0.6682994283801027}",建议监控近3日评分与差评词，安排客服主动回访,售后风控主管,2026-05-22 10:35:31.322871
ALERT_000192,PRODUCT_501779,2013-11-17,medium,"{""review_cnt"": 2, ""avg_score"": 5.0, ""low_score_rate"": 0.0, ""anomaly_score"": 0.6682994283801027}",建议监控近3日评分与差评词，安排客服主动回访,售后风控主管,2026-05-22 10:35:31.322871
ALERT_000193,PRODUCT_501779,2013-11-22,medium,"{""review_cnt"": 2, ""avg_score"": 5.0, ""low_score_rate"": 0.0, ""anomaly_score"": 0.6682994283801027}",建议监控近3日评分与差评词，安排客服主动回访,售后风控主管,2026-05-22 10:35:31.322871
ALERT_000194,PRODUCT_503466,2012-01-25,medium,"{""review_cnt"": 2, ""avg_score"": 5.0, ""low_score_rate"": 0.0, ""anomaly_score"": 0.6682994283801027}",建议监控近3日评分与差评词，安排客服主动回访,售后风控主管,2026-05-22 10:35:31.322871
ALERT_000195,PRODUCT_179287,2012-02-13,medium,"{""review_cnt"": 2, ""avg_score"": 5.0, ""low_score_rate"": 0.0, ""anomaly_score"": 0.6682994283801027}",建议监控近3日评分与差评词，安排客服主动回访,售后风控主管,2026-05-22 10:35:31.322871
ALERT_000196,PRODUCT_337975,2012-11-03,medium,"{""review_cnt"": 2, ""avg_score"": 5.0, ""low_score_rate"": 0.0, ""anomaly_score"": 0.6682994283801027}",建议监控近3日评分与差评词，安排客服主动回访,售后风控主管,2026-05-22 10:35:31.322871
ALERT_000197,PRODUCT_504489,2012-04-11,medium,"{""review_cnt"": 2, ""avg_score"": 5.0, ""low_score_rate"": 0.0, ""anomaly_score"": 0.6682994283801027}",建议监控近3日评分与差评词，安排客服主动回访,售后风控主管,2026-05-22 10:35:31.322871
ALERT_000198,PRODUCT_168682,2013-08-22,medium,"{""review_cnt"": 2, ""avg_score"": 5.0, ""low_score_rate"": 0.0, ""anomaly_score"": 0.6682994283801027}",建议监控近3日评分与差评词，安排客服主动回访,售后风控主管,2026-05-22 10:35:31.322871
ALERT_000199,PRODUCT_507583,2013-07-28,medium,"{""review_cnt"": 2, ""avg_score"": 5.0, ""low_score_rate"": 0.0, ""anomaly_score"": 0.6682994283801027}",建议监控近3日评分与差评词，安排客服主动回访,售后风控主管,2026-05-22 10:35:31.322871
ALERT_000200,PRODUCT_335278,2011-12-04,medium,"{""review_cnt"": 2, ""avg_score"": 5.0, ""low_score_rate"": 0.0, ""anomaly_score"": 0.6682994283801027}",建议监控近3日评分与差评词，安排客服主动回访,售后风控主管,2026-05-22 10:35:31.322871
